valuation_id,plan_id,as_of_date,death_benefit,cash_value,critical_illness_benefit,disability_benefit
716f8374-62f9-4381-bfe6-34175a75178c,b0bcc854-6604-4e30-ad7c-a854ced5f4fc,2020-07-06,548118.67,0.0,150591.9,100394.55
13a1d5f8-9dc0-4746-b300-42b804ce21b4,b0bcc854-6604-4e30-ad7c-a854ced5f4fc,2020-10-20,548118.67,0.0,150591.9,100394.55
f683d627-5421-4a16-a9f7-a03d4f00a91e,4afda6a4-a929-4aee-9d72-3125d8fb21a4,2021-07-07,496933.93,0.0,114166.34,87418.07
aa444bf5-40f6-46c7-bfa8-1053c7ec6cba,4afda6a4-a929-4aee-9d72-3125d8fb21a4,2022-03-10,496933.93,1093.54,114166.34,87418.07
82d23809-994f-4035-9c3b-182fa712c2da,90cee28e-f781-437f-943a-f8eac3343785,2022-06-21,912529.74,0.0,131464.51,80989.74
27494fcf-be5c-4e38-ab25-dc1af4e19480,4afda6a4-a929-4aee-9d72-3125d8fb21a4,2022-06-21,496933.93,1551.4,114166.34,87418.07
4d15791f-7622-44e0-a88f-0196e2480b04,90cee28e-f781-437f-943a-f8eac3343785,2022-08-09,912529.74,0.0,131464.51,80989.74
cd0bb9b9-85e3-42a3-ae10-beab05224071,e3f4ec0e-89ef-46e5-92eb-99ce28b01985,2022-08-09,470224.28,0.0,57978.74,105915.36
6e4780a0-d2e5-4314-843f-e23dcf395839,4afda6a4-a929-4aee-9d72-3125d8fb21a4,2022-08-09,496933.93,1769.22,114166.34,87418.07
78a0c3a0-7715-4cbe-946d-35fe9b99931e,90cee28e-f781-437f-943a-f8eac3343785,2022-09-06,912529.74,0.0,131464.51,80989.74
8d75f353-3abf-4acb-b49d-923dc386bff9,e3f4ec0e-89ef-46e5-92eb-99ce28b01985,2022-09-06,470224.28,0.0,57978.74,105915.36
f45adfbc-8aa9-4b02-802c-1f1027830988,4afda6a4-a929-4aee-9d72-3125d8fb21a4,2022-09-06,496933.93,1893.69,114166.34,87418.07
b404d401-29d7-4c74-81ee-6534a2ad8666,90cee28e-f781-437f-943a-f8eac3343785,2023-02-28,912529.74,0.0,131464.51,80989.74
4e16fd42-b0e0-471c-9d08-af2b882e4a72,e3f4ec0e-89ef-46e5-92eb-99ce28b01985,2023-02-28,470224.28,0.0,57978.74,105915.36
ee3aa5c6-0203-4777-b257-7dd4c3d77b5d,4afda6a4-a929-4aee-9d72-3125d8fb21a4,2023-02-28,496933.93,2671.62,114166.34,87418.07
c5c9988c-b7c2-4bf2-8344-f828a8438930,90cee28e-f781-437f-943a-f8eac3343785,2024-01-02,912529.74,0.0,131464.51,80989.74
14330615-f91d-40fe-a330-60124b14a93f,e3f4ec0e-89ef-46e5-92eb-99ce28b01985,2024-01-02,470224.28,0.0,57978.74,105915.36
0f8001b1-a7f6-4e2d-aa4c-2f33fbb5243c,4afda6a4-a929-4aee-9d72-3125d8fb21a4,2024-01-02,496933.93,4040.76,114166.34,87418.07
1ec71268-ef76-4b78-9300-878c4f17c277,90cee28e-f781-437f-943a-f8eac3343785,2024-04-01,912529.74,0.0,131464.51,80989.74
030d246f-3edc-4d90-8f27-d03cd6ed97e0,e3f4ec0e-89ef-46e5-92eb-99ce28b01985,2024-04-01,470224.28,0.0,57978.74,105915.36
47dd65cc-af9d-4143-ba7f-5b7e82f33901,4afda6a4-a929-4aee-9d72-3125d8fb21a4,2024-04-01,496933.93,4440.84,114166.34,87418.07
6e60872e-e1cb-48f0-bae2-b962069957b2,c79e20a9-8494-4812-a4b3-cfacfd0f43c0,2024-04-01,892154.63,0.0,115702.68,56380.83
196631a8-bbb6-4078-b7af-b949786772a0,90cee28e-f781-437f-943a-f8eac3343785,2024-06-15,912529.74,0.0,131464.51,80989.74
f7e01d63-39e5-4d47-bcff-5351b15d4a7b,e3f4ec0e-89ef-46e5-92eb-99ce28b01985,2024-06-15,470224.28,0.0,57978.74,105915.36
547a5689-1fb6-4682-bf5b-3910243d6857,4afda6a4-a929-4aee-9d72-3125d8fb21a4,2024-06-15,496933.93,4774.24,114166.34,87418.07
82c7e0aa-7524-415d-9131-19b890b722e7,c79e20a9-8494-4812-a4b3-cfacfd0f43c0,2024-06-15,892154.63,211.14,115702.68,56380.83
fe4749a9-de85-4f66-92f0-8d9a49e1a0f3,90cee28e-f781-437f-943a-f8eac3343785,2024-07-24,912529.74,0.0,131464.51,80989.74
962b6b7a-d816-4d94-9f28-47f4d2a0d953,e3f4ec0e-89ef-46e5-92eb-99ce28b01985,2024-07-24,470224.28,0.0,57978.74,105915.36
d7577bb1-4cd1-418f-8c4a-60f980bf8a49,4afda6a4-a929-4aee-9d72-3125d8fb21a4,2024-07-24,496933.93,4947.6,114166.34,87418.07
7a3f554a-9295-4f1f-801f-51abd0e12d90,c79e20a9-8494-4812-a4b3-cfacfd0f43c0,2024-07-24,892154.63,320.94,115702.68,56380.83
fc4c2303-2140-45d1-9a57-3042dec15119,90cee28e-f781-437f-943a-f8eac3343785,2024-09-04,912529.74,0.0,131464.51,80989.74
6a313499-6223-44db-92c9-22640b48a778,e3f4ec0e-89ef-46e5-92eb-99ce28b01985,2024-09-04,470224.28,0.0,57978.74,105915.36
424e363e-baa7-4d8e-8e4d-1d51be651c7b,4afda6a4-a929-4aee-9d72-3125d8fb21a4,2024-09-04,496933.93,5134.3,114166.34,87418.07
c7895a85-ba03-42f1-93ed-bcc811768f69,c79e20a9-8494-4812-a4b3-cfacfd0f43c0,2024-09-04,892154.63,439.18,115702.68,56380.83
e1199b94-946a-4018-9965-45d6598f2cc2,90cee28e-f781-437f-943a-f8eac3343785,2025-06-09,912529.74,0.0,131464.51,80989.74
330e06cd-110d-48f9-9698-9df4c1b954f3,e3f4ec0e-89ef-46e5-92eb-99ce28b01985,2025-06-09,470224.28,0.0,57978.74,105915.36
21ce4919-a48f-4862-935d-f162029f97b6,4afda6a4-a929-4aee-9d72-3125d8fb21a4,2025-06-09,496933.93,6370.09,114166.34,87418.07
a3218f35-b666-4810-a820-eb10e804131b,c79e20a9-8494-4812-a4b3-cfacfd0f43c0,2025-06-09,892154.63,1221.82,115702.68,56380.83
a947e04e-e1cd-4d6c-8b18-d94779b2a286,ee928b3c-d2ae-40bd-b802-b6587491e1f1,2023-04-10,601424.87,0.0,90501.96,59483.67
93c6b831-604d-42c9-87f7-e0ede356abd6,ee928b3c-d2ae-40bd-b802-b6587491e1f1,2023-05-13,601424.87,0.0,90501.96,59483.67
4526bec0-02ab-451e-b5c6-712ab83eed2e,ee928b3c-d2ae-40bd-b802-b6587491e1f1,2024-03-10,601424.87,0.0,90501.96,59483.67
b9ddd207-d9a1-45a3-84c4-1246d6304e21,ee928b3c-d2ae-40bd-b802-b6587491e1f1,2024-05-03,601424.87,0.0,90501.96,59483.67
0f6f30d5-8bf7-478a-b907-c7a29df3a1b4,ee928b3c-d2ae-40bd-b802-b6587491e1f1,2024-11-29,601424.87,0.0,90501.96,59483.67
37f6f82d-8497-4eb2-b31e-25cb654de414,ee928b3c-d2ae-40bd-b802-b6587491e1f1,2025-03-12,601424.87,0.0,90501.96,59483.67
07d3e984-f1d2-4a6b-8816-2ebc269fc393,ee928b3c-d2ae-40bd-b802-b6587491e1f1,2025-05-01,601424.87,0.0,90501.96,59483.67
b2ba2191-2aa6-414a-932b-6231b458814a,9f690102-7f1d-490c-a6f9-fe7ad2a902b2,2025-05-01,826812.31,0.0,187810.05,184347.3
a3d9e339-f0b1-40f1-9d4d-3b368b43d470,ee928b3c-d2ae-40bd-b802-b6587491e1f1,2025-07-04,601424.87,0.0,90501.96,59483.67
8876e17f-dd80-4a4d-ad98-da6551c0de1a,9f690102-7f1d-490c-a6f9-fe7ad2a902b2,2025-07-04,826812.31,0.0,187810.05,184347.3
d6fe15e9-80e5-400e-a8fd-c8671af89833,43cb1043-5efd-4f5f-b921-4b2415567006,2020-04-10,279884.5,0.0,182724.98,196314.19
47291162-373c-4140-bdb5-a27e15853f59,43cb1043-5efd-4f5f-b921-4b2415567006,2020-06-29,279884.5,0.0,182724.98,196314.19
1e66a769-cb51-423d-b707-f529be4a6e49,43cb1043-5efd-4f5f-b921-4b2415567006,2021-01-25,279884.5,0.0,182724.98,196314.19
13943205-91a0-45f6-be46-e86be25d9294,43cb1043-5efd-4f5f-b921-4b2415567006,2021-09-22,279884.5,0.0,182724.98,196314.19
1c83dea2-340a-4be6-ad3d-82b1781183f5,43cb1043-5efd-4f5f-b921-4b2415567006,2022-02-07,279884.5,0.0,182724.98,196314.19
08a1e295-6828-4cc1-a638-a340ccfb47f1,c7be8388-39a1-4f9c-ba62-ace7b4d8f656,2022-02-07,684825.66,0.0,53605.98,113565.81
73a3620f-e58c-4324-82f0-88053b13e419,43cb1043-5efd-4f5f-b921-4b2415567006,2022-07-06,279884.5,0.0,182724.98,196314.19
d2b0a833-0bdc-4b9f-b6d3-b80f3c0451b6,c7be8388-39a1-4f9c-ba62-ace7b4d8f656,2022-07-06,684825.66,0.0,53605.98,113565.81
5427a870-37f3-47fd-bad5-0dd053f45b18,43cb1043-5efd-4f5f-b921-4b2415567006,2023-06-27,279884.5,0.0,182724.98,196314.19
49f5eb2a-6872-4650-9fd0-21ca220d31f8,c7be8388-39a1-4f9c-ba62-ace7b4d8f656,2023-06-27,684825.66,0.0,53605.98,113565.81
8507fe34-7ac4-4545-bba5-e9d8b2d6defa,43cb1043-5efd-4f5f-b921-4b2415567006,2023-12-30,279884.5,0.0,182724.98,196314.19
e9664952-4590-4bd0-9a3a-35b4175e5e72,c7be8388-39a1-4f9c-ba62-ace7b4d8f656,2023-12-30,684825.66,0.0,53605.98,113565.81
a1d33dbb-b4b1-41eb-8f93-9f51069c31db,43cb1043-5efd-4f5f-b921-4b2415567006,2024-06-22,279884.5,0.0,182724.98,196314.19
b9ed5b43-316c-43d4-8676-83ebf11e5970,c7be8388-39a1-4f9c-ba62-ace7b4d8f656,2024-06-22,684825.66,0.0,53605.98,113565.81
02187dda-1cf6-419f-aca7-ea412a4d94a0,43cb1043-5efd-4f5f-b921-4b2415567006,2025-01-23,279884.5,0.0,182724.98,196314.19
6445711a-2904-49dd-8bbd-2334d36c0467,c7be8388-39a1-4f9c-ba62-ace7b4d8f656,2025-01-23,684825.66,0.0,53605.98,113565.81
6258fe87-9afc-489b-b6e2-2feec06b1529,43cb1043-5efd-4f5f-b921-4b2415567006,2025-09-19,279884.5,0.0,182724.98,196314.19
67eaa17c-ae2c-4990-ba76-e9302f9dd479,c7be8388-39a1-4f9c-ba62-ace7b4d8f656,2025-09-19,684825.66,0.0,53605.98,113565.81
a77f3d11-2da2-4105-a7ab-984336491418,1abb484f-cd19-4ac9-a789-93c1d9568783,2025-11-05,802504.52,0.0,161128.57,99414.38
e3c268c1-3bee-4ba5-abe0-49cd5676cf89,43cb1043-5efd-4f5f-b921-4b2415567006,2025-11-05,279884.5,0.0,182724.98,196314.19
4f260d2e-3c1a-440b-a5cb-5ffd217b1157,c7be8388-39a1-4f9c-ba62-ace7b4d8f656,2025-11-05,684825.66,0.0,53605.98,113565.81
ed032bcd-73e0-4208-b474-ec269e89dcb4,1abb484f-cd19-4ac9-a789-93c1d9568783,2025-11-21,802504.52,0.0,161128.57,99414.38
de0b237f-fc9b-4094-bcc2-2f70e556da32,43cb1043-5efd-4f5f-b921-4b2415567006,2025-11-21,279884.5,0.0,182724.98,196314.19
8fecef1a-0712-42b0-8196-fb99e3977c07,c7be8388-39a1-4f9c-ba62-ace7b4d8f656,2025-11-21,684825.66,0.0,53605.98,113565.81
cf17995d-7e35-4833-b6a2-85cb89cef7b7,ed476b1a-00b0-4278-a946-bb6697c87fd1,2020-08-15,155457.11,0.0,116143.97,120487.93
91a82c86-92c8-4b2d-8a5b-6a2b62de2e27,ed476b1a-00b0-4278-a946-bb6697c87fd1,2020-08-22,155457.11,0.0,116143.97,120487.93
b6054cd3-891f-4105-b7f6-590a6000b3c4,ed476b1a-00b0-4278-a946-bb6697c87fd1,2021-08-13,155457.11,0.0,116143.97,120487.93
fea3ed58-c50e-4540-8be4-99b1243e27c0,ed476b1a-00b0-4278-a946-bb6697c87fd1,2022-05-06,155457.11,0.0,116143.97,120487.93
eb7f7b31-dbd7-4bb3-bbdd-d3974ce869e0,edfe00a6-753d-4c74-87b4-727f7128cf2a,2022-07-14,189233.96,0.0,135034.93,64076.27
1265898d-ff6d-49b6-b024-f838778e8572,ed476b1a-00b0-4278-a946-bb6697c87fd1,2022-07-14,155457.11,0.0,116143.97,120487.93
3d316852-952e-4159-bc0c-5f9ddf3a3bcd,edfe00a6-753d-4c74-87b4-727f7128cf2a,2022-09-01,189233.96,187.34,135034.93,64076.27
3821d179-f064-415e-ae46-072a0197e534,ed476b1a-00b0-4278-a946-bb6697c87fd1,2022-09-01,155457.11,0.0,116143.97,120487.93
df31c85c-872e-4b18-bd5b-e911344c2ba4,edfe00a6-753d-4c74-87b4-727f7128cf2a,2022-12-11,189233.96,573.48,135034.93,64076.27
4afbebaa-44ec-42cb-a57a-839acd944723,ed476b1a-00b0-4278-a946-bb6697c87fd1,2022-12-11,155457.11,0.0,116143.97,120487.93
48499ee4-8114-4637-b389-457c057feaad,edfe00a6-753d-4c74-87b4-727f7128cf2a,2022-12-14,189233.96,584.95,135034.93,64076.27
da6d056b-a5a0-4652-8fd3-566349ed49cf,2c12950e-3568-42a7-9fc5-2b4c9cbbb087,2022-12-14,315299.56,0.0,150824.37,156695.82
ccb93e83-2e14-4cc7-a9f5-38b3fb1e6211,ed476b1a-00b0-4278-a946-bb6697c87fd1,2022-12-14,155457.11,0.0,116143.97,120487.93
4343dd11-3514-4955-9a28-4ce4aa37e879,edfe00a6-753d-4c74-87b4-727f7128cf2a,2023-05-11,189233.96,1150.79,135034.93,64076.27
01428ea5-37c8-4b8d-bac5-0def382204dd,2c12950e-3568-42a7-9fc5-2b4c9cbbb087,2023-05-11,315299.56,422.21,150824.37,156695.82
b4f6a02c-1f97-495f-9439-b51c1d78c976,ed476b1a-00b0-4278-a946-bb6697c87fd1,2023-05-11,155457.11,0.0,116143.97,120487.93
4d78570f-a8fd-41aa-8487-852580a12e2b,edfe00a6-753d-4c74-87b4-727f7128cf2a,2023-08-19,189233.96,1533.11,135034.93,64076.27
c4a7384a-ed71-4d3d-8171-95a9ec5e523a,2c12950e-3568-42a7-9fc5-2b4c9cbbb087,2023-08-19,315299.56,707.49,150824.37,156695.82
7187c060-c170-467b-ab92-eb06a36d51e6,ed476b1a-00b0-4278-a946-bb6697c87fd1,2023-08-19,155457.11,0.0,116143.97,120487.93
3c403399-72ee-454f-af54-f16f94681ddb,cf48af73-bf03-43e6-bdb5-16d5e661e38a,2024-01-13,859263.98,0.0,125974.93,166278.25
269b5815-ab0a-49b2-a5fb-6dbfa0922485,edfe00a6-753d-4c74-87b4-727f7128cf2a,2024-01-13,189233.96,2095.12,135034.93,64076.27
75c8c945-3699-4b09-aa81-de417ae79219,2c12950e-3568-42a7-9fc5-2b4c9cbbb087,2024-01-13,315299.56,1126.85,150824.37,156695.82
90be4a32-4534-42fd-810b-2918c28ad05b,ed476b1a-00b0-4278-a946-bb6697c87fd1,2024-01-13,155457.11,0.0,116143.97,120487.93
016862b9-fb7c-4101-ac5e-a9a74f0ea49d,cf48af73-bf03-43e6-bdb5-16d5e661e38a,2024-02-29,859263.98,0.0,125974.93,166278.25
c4865ca3-8abe-4afb-aa67-2a5025ac70d6,edfe00a6-753d-4c74-87b4-727f7128cf2a,2024-02-29,189233.96,2274.81,135034.93,64076.27
5664f2b7-c4b9-45ee-9f4a-5eb3b7e52ecc,2c12950e-3568-42a7-9fc5-2b4c9cbbb087,2024-02-29,315299.56,1260.93,150824.37,156695.82
1a226e56-5eed-41bb-abb9-ef592dd0f027,ed476b1a-00b0-4278-a946-bb6697c87fd1,2024-02-29,155457.11,0.0,116143.97,120487.93
30cd1684-a518-4459-8f41-7501144de3a4,cf48af73-bf03-43e6-bdb5-16d5e661e38a,2024-03-12,859263.98,0.0,125974.93,166278.25
2eac3bff-2a4a-44da-9a3a-fb1696c68e03,edfe00a6-753d-4c74-87b4-727f7128cf2a,2024-03-12,189233.96,2320.69,135034.93,64076.27
70af8719-9d3c-4e23-9d65-96a61e6b6c0e,82f8b3c6-dcee-4445-a93a-3bc1248e9648,2024-03-12,968249.03,0.0,163874.13,76713.66
e264263c-394d-414f-86ec-ecd29700b6a3,2c12950e-3568-42a7-9fc5-2b4c9cbbb087,2024-03-12,315299.56,1295.16,150824.37,156695.82
45af2396-38da-49c3-bbb0-60369f7643bb,ed476b1a-00b0-4278-a946-bb6697c87fd1,2024-03-12,155457.11,0.0,116143.97,120487.93
23d01ff7-8f4f-4497-abc6-6c281c2caeca,cf48af73-bf03-43e6-bdb5-16d5e661e38a,2024-08-21,859263.98,0.0,125974.93,166278.25
ba87e03b-e010-43ed-8d0d-0ab4e5d98f6a,edfe00a6-753d-4c74-87b4-727f7128cf2a,2024-08-21,189233.96,2940.05,135034.93,64076.27
babaf251-55b0-4935-8956-a05232ed42c9,82f8b3c6-dcee-4445-a93a-3bc1248e9648,2024-08-21,968249.03,0.0,163874.13,76713.66
f8e0d75c-ac09-46d0-94ea-6432d574d37b,3e6ccc01-6b4b-49ca-8f64-868520d26429,2024-08-21,674414.17,0.0,184617.32,189871.95
377adc51-6e27-4782-bb53-e8b9909316da,ed476b1a-00b0-4278-a946-bb6697c87fd1,2024-08-21,155457.11,0.0,116143.97,120487.93
b5602c08-1385-4ce3-b7c0-f38a9f6dd234,cf48af73-bf03-43e6-bdb5-16d5e661e38a,2024-12-18,859263.98,0.0,125974.93,166278.25
e4ffb833-c0e6-40f9-94bf-1c96d474de4a,edfe00a6-753d-4c74-87b4-727f7128cf2a,2024-12-18,189233.96,3395.02,135034.93,64076.27
123967f8-7c56-4732-aa7e-8a22a323f78a,82f8b3c6-dcee-4445-a93a-3bc1248e9648,2024-12-18,968249.03,0.0,163874.13,76713.66
3adc5d7a-2c5f-41e2-b637-fd1f46ffeb81,ed476b1a-00b0-4278-a946-bb6697c87fd1,2024-12-18,155457.11,0.0,116143.97,120487.93
fd9ced36-2c88-4c66-944c-13c56382f601,cf48af73-bf03-43e6-bdb5-16d5e661e38a,2025-10-21,859263.98,0.0,125974.93,166278.25
595545e4-4cc5-4f8e-b78e-6578090cff63,edfe00a6-753d-4c74-87b4-727f7128cf2a,2025-10-21,189233.96,4568.74,135034.93,64076.27
2aa18639-3606-435f-8c2b-30f154530956,82f8b3c6-dcee-4445-a93a-3bc1248e9648,2025-10-21,968249.03,0.0,163874.13,76713.66
c6960d40-5278-4443-ac48-633eadfa9183,ed476b1a-00b0-4278-a946-bb6697c87fd1,2025-10-21,155457.11,0.0,116143.97,120487.93
75d938b7-0170-49f8-8795-70b784b849c8,eca3ed22-cc45-4cda-83ae-de3f3b0a9782,2020-03-19,113117.22,0.0,52334.26,166681.28
acb99534-1685-4af7-94fe-85246ae37b73,eca3ed22-cc45-4cda-83ae-de3f3b0a9782,2020-07-26,113117.22,642.63,52334.26,166681.28
8c6e16bc-9d89-4f64-98b0-91325289677c,fd192626-1343-4e59-92a8-1f90b3bb850e,2020-07-26,365897.45,0.0,129546.69,129361.92
f3630e90-ceca-46a3-9dbe-8b0987b8f308,eca3ed22-cc45-4cda-83ae-de3f3b0a9782,2020-08-21,113117.22,772.15,52334.26,166681.28
9c272335-5752-4de3-97a1-7fdc8b45aebf,fd192626-1343-4e59-92a8-1f90b3bb850e,2020-08-21,365897.45,0.0,129546.69,129361.92
46d9fb11-9b9f-4ac9-8584-c27bbe57a94f,eca3ed22-cc45-4cda-83ae-de3f3b0a9782,2021-06-25,113117.22,2306.48,52334.26,166681.28
e24de028-26c1-4b19-8674-18c2e703bb68,fe59410a-6963-4d17-aa13-1d3ab9654682,2021-06-25,893686.57,0.0,82775.75,136514.52
8ba00d24-888d-430c-815f-8f0af54663e8,fd192626-1343-4e59-92a8-1f90b3bb850e,2021-06-25,365897.45,0.0,129546.69,129361.92
1c130815-a267-466f-90f8-73abb2ffaae0,eca3ed22-cc45-4cda-83ae-de3f3b0a9782,2021-07-06,113117.22,2361.28,52334.26,166681.28
239d2749-e3a1-46cf-88e5-46e57aa1b34e,fe59410a-6963-4d17-aa13-1d3ab9654682,2021-07-06,893686.57,39.48,82775.75,136514.52
6e70102c-2a86-4a69-bdc6-1873d36cf350,fd192626-1343-4e59-92a8-1f90b3bb850e,2021-07-06,365897.45,0.0,129546.69,129361.92
e377e60b-9c06-47f7-942d-7fb7e4def6ab,eca3ed22-cc45-4cda-83ae-de3f3b0a9782,2021-10-22,113117.22,2899.29,52334.26,166681.28
ca003980-e1b4-4ec9-a1eb-682cb7807385,fe59410a-6963-4d17-aa13-1d3ab9654682,2021-10-22,893686.57,427.08,82775.75,136514.52
baa8f472-2068-43d7-a592-350522e6c5dc,fd192626-1343-4e59-92a8-1f90b3bb850e,2021-10-22,365897.45,0.0,129546.69,129361.92
568602bc-5ac8-41f3-a5db-618977ff387c,eca3ed22-cc45-4cda-83ae-de3f3b0a9782,2022-09-24,113117.22,4578.09,52334.26,166681.28
bec85606-cea5-41d5-a22d-ae54c0c60563,fe59410a-6963-4d17-aa13-1d3ab9654682,2022-09-24,893686.57,1636.53,82775.75,136514.52
55636da8-4834-414f-94b9-b53b514319ac,fd192626-1343-4e59-92a8-1f90b3bb850e,2022-09-24,365897.45,0.0,129546.69,129361.92
b9b93287-a790-4ab9-827c-d6232ef87f86,eca3ed22-cc45-4cda-83ae-de3f3b0a9782,2022-11-30,113117.22,4911.86,52334.26,166681.28
bb607052-dadd-4bfb-a413-ee5cfeca98fe,fe59410a-6963-4d17-aa13-1d3ab9654682,2022-11-30,893686.57,1876.99,82775.75,136514.52
90fa8198-6081-4d1c-9f30-2f3c1518c9fc,fd192626-1343-4e59-92a8-1f90b3bb850e,2022-11-30,365897.45,0.0,129546.69,129361.92
0d9e87d4-e7e2-4d48-84fa-a4c5d5a3674b,eca3ed22-cc45-4cda-83ae-de3f3b0a9782,2023-06-27,113117.22,5953.01,52334.26,166681.28
303bf316-e783-4ca3-8413-24b32313745b,fe59410a-6963-4d17-aa13-1d3ab9654682,2023-06-27,893686.57,2627.06,82775.75,136514.52
f8233ebb-b068-488f-b959-f89a2a4b455a,fd192626-1343-4e59-92a8-1f90b3bb850e,2023-06-27,365897.45,0.0,129546.69,129361.92
694c457b-8ad7-4b8f-bd97-f4ffeb792392,eca3ed22-cc45-4cda-83ae-de3f3b0a9782,2024-01-15,113117.22,6959.3,52334.26,166681.28
879ef4d4-9d2b-449e-ad4a-17c5d1ead788,fe59410a-6963-4d17-aa13-1d3ab9654682,2024-01-15,893686.57,3352.02,82775.75,136514.52
0e4063a8-d2bb-4c6c-9d62-0ab18cf89d80,fd192626-1343-4e59-92a8-1f90b3bb850e,2024-01-15,365897.45,0.0,129546.69,129361.92
db9de92a-a14a-48a9-bc8d-c8df48104d0f,eca3ed22-cc45-4cda-83ae-de3f3b0a9782,2024-05-04,113117.22,7507.27,52334.26,166681.28
0c7472d3-3ce4-4dd7-8f82-e8637a8f887a,fe59410a-6963-4d17-aa13-1d3ab9654682,2024-05-04,893686.57,3746.8,82775.75,136514.52
bb0e03b3-0113-4caf-9ec9-e227ff9348d3,cf2a583a-d49d-4b0b-b530-94265b883852,2024-05-04,605956.37,0.0,84618.12,114815.95
0c9126ed-4846-4e71-a7b4-32dbae2528bc,fd192626-1343-4e59-92a8-1f90b3bb850e,2024-05-04,365897.45,0.0,129546.69,129361.92
563e0cf6-28c0-47e6-ae89-89bf0b3dd887,eca3ed22-cc45-4cda-83ae-de3f3b0a9782,2024-06-17,113117.22,7726.46,52334.26,166681.28
04b72bdc-abc4-4ede-a47e-a4fd0987525c,fe59410a-6963-4d17-aa13-1d3ab9654682,2024-06-17,893686.57,3904.71,82775.75,136514.52
08707446-6aad-4dbb-8a5a-1b77664da7eb,cf2a583a-d49d-4b0b-b530-94265b883852,2024-06-17,605956.37,0.0,84618.12,114815.95
ece0ee40-67a8-4f4e-b7c3-994d116c2dd5,fd192626-1343-4e59-92a8-1f90b3bb850e,2024-06-17,365897.45,0.0,129546.69,129361.92
c546e5d5-cd35-4b42-8b3d-2e3ccb9b7695,eca3ed22-cc45-4cda-83ae-de3f3b0a9782,2024-10-03,113117.22,8264.48,52334.26,166681.28
5f7e1518-321b-4541-9a78-3191ebfe5b47,411a8a9d-4471-4f21-a2ff-a2431f50492d,2024-10-03,683678.84,0.0,185191.24,76221.04
281750f1-b7f0-4f25-9705-df0445112c3b,fe59410a-6963-4d17-aa13-1d3ab9654682,2024-10-03,893686.57,4292.31,82775.75,136514.52
520d40ac-991f-405a-bdf2-da83e1c49801,cf2a583a-d49d-4b0b-b530-94265b883852,2024-10-03,605956.37,0.0,84618.12,114815.95
80bcfc70-5479-42f4-97e1-73e846b653e9,fd192626-1343-4e59-92a8-1f90b3bb850e,2024-10-03,365897.45,0.0,129546.69,129361.92
5d8f658f-b804-4c3f-a8e6-4e36c0a8855a,eca3ed22-cc45-4cda-83ae-de3f3b0a9782,2025-01-13,113117.22,8772.6,52334.26,166681.28
2fd300f9-ff9a-42c6-9855-992de113302c,411a8a9d-4471-4f21-a2ff-a2431f50492d,2025-01-13,683678.84,0.0,185191.24,76221.04
044dbc43-f111-4670-b2a3-7d95ecc66b3d,fe59410a-6963-4d17-aa13-1d3ab9654682,2025-01-13,893686.57,4658.37,82775.75,136514.52
ace3c25c-8ae5-4e68-8cb7-574cc31a4f37,cf2a583a-d49d-4b0b-b530-94265b883852,2025-01-13,605956.37,0.0,84618.12,114815.95
02829d60-e98f-40fe-b95a-1b98cdf5df02,fd192626-1343-4e59-92a8-1f90b3bb850e,2025-01-13,365897.45,0.0,129546.69,129361.92
f6350564-dbac-42a2-b5cc-9f216d043168,eca3ed22-cc45-4cda-83ae-de3f3b0a9782,2025-11-03,113117.22,10237.19,52334.26,166681.28
39892b71-26f8-4209-82b3-9226f833a3d3,fe59410a-6963-4d17-aa13-1d3ab9654682,2025-11-03,893686.57,5713.5,82775.75,136514.52
054ee9ce-e11e-47e3-b27a-2db5bb3f7705,cf2a583a-d49d-4b0b-b530-94265b883852,2025-11-03,605956.37,0.0,84618.12,114815.95
2d0f528f-1c02-4a3b-909c-a833815f5af3,fd192626-1343-4e59-92a8-1f90b3bb850e,2025-11-03,365897.45,0.0,129546.69,129361.92
c7058e0d-82f5-49c7-a3e8-ead989e6da9f,262b1628-a5cb-4761-b637-858716965452,2021-04-18,439165.94,0.0,168748.17,68323.52
30672d5a-3636-4d9f-9f3b-399b5c5048ce,262b1628-a5cb-4761-b637-858716965452,2021-07-18,439165.94,472.01,168748.17,68323.52
039004cf-0141-447e-ba20-6b9574d9febe,262b1628-a5cb-4761-b637-858716965452,2021-08-03,439165.94,555.01,168748.17,68323.52
ab2a2ce9-5476-43f5-b59d-6ac4030081ad,262b1628-a5cb-4761-b637-858716965452,2021-08-09,439165.94,586.13,168748.17,68323.52
6e02b520-8a93-4d14-a674-254a9d7b3ea3,262b1628-a5cb-4761-b637-858716965452,2022-07-12,439165.94,2334.14,168748.17,68323.52
1dc0d015-abd1-41b8-afda-b0c604d677d6,fc1df1ce-3265-4e81-a3cb-cc0df8d93a66,2022-11-24,470513.64,0.0,196729.2,131302.4
92fbb75c-c19d-4020-aaf6-8aa0ab543c92,262b1628-a5cb-4761-b637-858716965452,2022-11-24,439165.94,3034.38,168748.17,68323.52
ad02fe9c-ec42-4913-9fa5-d86c10f54daa,fc1df1ce-3265-4e81-a3cb-cc0df8d93a66,2022-12-25,470513.64,0.0,196729.2,131302.4
2b66e0a0-bc02-4500-818a-de578602cbd9,262b1628-a5cb-4761-b637-858716965452,2022-12-25,439165.94,3195.17,168748.17,68323.52
79dff0be-666a-41ab-b996-d53f10756a56,fc1df1ce-3265-4e81-a3cb-cc0df8d93a66,2023-09-24,470513.64,0.0,196729.2,131302.4
0ce10183-bd9f-4485-aac5-9264af22d0fc,262b1628-a5cb-4761-b637-858716965452,2023-09-24,439165.94,4611.21,168748.17,68323.52
260c3b04-81ed-469f-9db6-8687da7cad8f,fc1df1ce-3265-4e81-a3cb-cc0df8d93a66,2023-12-10,470513.64,0.0,196729.2,131302.4
54180525-99c7-4c5a-9f34-56e6bd8ac267,262b1628-a5cb-4761-b637-858716965452,2023-12-10,439165.94,5010.61,168748.17,68323.52
9fbcdebc-53ac-4967-9a13-ee33dfb297e9,fc1df1ce-3265-4e81-a3cb-cc0df8d93a66,2024-05-10,470513.64,0.0,196729.2,131302.4
8f7ccbc4-8ca2-44c0-957c-1d344f4fc045,262b1628-a5cb-4761-b637-858716965452,2024-05-10,439165.94,5799.03,168748.17,68323.52
09abeea4-0631-44ab-9d9b-db5de9a5dbe4,fc1df1ce-3265-4e81-a3cb-cc0df8d93a66,2024-05-19,470513.64,0.0,196729.2,131302.4
6276fb15-1009-4c9f-9e49-d85a0db30102,262b1628-a5cb-4761-b637-858716965452,2024-05-19,439165.94,5845.71,168748.17,68323.52
695bead6-b389-40c0-a8b8-f9b1372a0f22,fc1df1ce-3265-4e81-a3cb-cc0df8d93a66,2024-08-07,470513.64,0.0,196729.2,131302.4
d89d9c7d-4df0-4ac3-bc4a-9097fb66a960,262b1628-a5cb-4761-b637-858716965452,2024-08-07,439165.94,6260.67,168748.17,68323.52
c5481c4c-df22-4fd4-a023-39488ffa0692,fc1df1ce-3265-4e81-a3cb-cc0df8d93a66,2025-06-23,470513.64,0.0,196729.2,131302.4
7d388519-da49-4240-9c7c-087b3e54de9a,262b1628-a5cb-4761-b637-858716965452,2025-06-23,439165.94,7920.5,168748.17,68323.52
8ba68cc9-c6c6-410d-9b28-12016d076b24,9295bf27-1f6a-4272-a30e-b3bc6b2c6f69,2021-07-03,826885.93,0.0,189378.12,113791.51
b7f986b3-524c-4a71-9439-2327c259af96,9295bf27-1f6a-4272-a30e-b3bc6b2c6f69,2021-11-14,826885.93,572.97,189378.12,113791.51
62f90efd-48eb-4096-b5f9-16befc9349a1,9295bf27-1f6a-4272-a30e-b3bc6b2c6f69,2022-09-29,826885.93,1936.97,189378.12,113791.51
b0bd96d7-441c-4784-99a1-64b72d7e6f1d,9295bf27-1f6a-4272-a30e-b3bc6b2c6f69,2023-05-04,826885.93,2864.83,189378.12,113791.51
878aebd8-84c9-4fc9-bc71-431b66c00e58,139fb6b9-ed75-4024-83d4-a9e1cbf240bf,2023-06-11,612697.2,0.0,194241.72,58694.65
477e5f32-3c9c-4a52-bfa6-2d1f71bf8c37,9295bf27-1f6a-4272-a30e-b3bc6b2c6f69,2023-06-11,826885.93,3027.31,189378.12,113791.51
94ce07f5-9488-47ee-8905-89ff6faa2a4d,139fb6b9-ed75-4024-83d4-a9e1cbf240bf,2023-09-29,612697.2,0.0,194241.72,58694.65
1156ed26-7e05-4b63-acf5-a2b755b71fab,9295bf27-1f6a-4272-a30e-b3bc6b2c6f69,2023-09-29,826885.93,3497.66,189378.12,113791.51
3ae6ae8d-9bf6-4e47-84c8-2c46e6dabf52,139fb6b9-ed75-4024-83d4-a9e1cbf240bf,2024-03-25,612697.2,0.0,194241.72,58694.65
ec237e64-c99f-4bb1-8098-cc274f8e8ac3,9295bf27-1f6a-4272-a30e-b3bc6b2c6f69,2024-03-25,826885.93,4258.76,189378.12,113791.51
37b4cd72-289b-4f87-b986-bbf3fff19b30,139fb6b9-ed75-4024-83d4-a9e1cbf240bf,2024-07-27,612697.2,0.0,194241.72,58694.65
db6c521f-6c08-4ade-a80b-6fb6aea6ff64,9295bf27-1f6a-4272-a30e-b3bc6b2c6f69,2024-07-27,826885.93,4788.97,189378.12,113791.51
1887c1af-8534-438f-a745-e62eb289b813,7ba903cd-1394-4934-8fda-03d3072b0949,2024-07-27,832939.25,0.0,113530.84,154049.98
056e4a64-f7c2-47b4-ae4f-9fe0c449f21e,139fb6b9-ed75-4024-83d4-a9e1cbf240bf,2025-01-24,612697.2,0.0,194241.72,58694.65
b9b18ffd-f50d-494a-a7cd-0044a6a22dd6,9295bf27-1f6a-4272-a30e-b3bc6b2c6f69,2025-01-24,826885.93,5562.9,189378.12,113791.51
ac7720b4-093f-4a24-8c16-f9699cc85caa,7ba903cd-1394-4934-8fda-03d3072b0949,2025-01-24,832939.25,0.0,113530.84,154049.98
b9903687-7b84-44a9-9d3e-c434b77ad2bf,139fb6b9-ed75-4024-83d4-a9e1cbf240bf,2025-10-06,612697.2,0.0,194241.72,58694.65
16b11cdd-4b66-4ac7-a564-90a6669613ab,9295bf27-1f6a-4272-a30e-b3bc6b2c6f69,2025-10-06,826885.93,6653.25,189378.12,113791.51
378ce1f2-e235-4a16-895f-5b94ad707cb9,7ba903cd-1394-4934-8fda-03d3072b0949,2025-10-06,832939.25,0.0,113530.84,154049.98
bd3b61e1-0546-4d72-aa30-60150fa7b0c6,68550ce5-f904-4b52-9d45-c7cf0c1d8497,2020-08-29,908184.99,0.0,142680.97,164310.74
711355c2-3709-4ef8-bf5c-bb1b6336f4a5,68550ce5-f904-4b52-9d45-c7cf0c1d8497,2020-12-13,908184.99,0.0,142680.97,164310.74
c1410341-f0f1-43f3-93c9-8248b947a8af,68550ce5-f904-4b52-9d45-c7cf0c1d8497,2021-09-14,908184.99,0.0,142680.97,164310.74
5aaa8dce-006e-472a-9bd9-3a1515be74de,e9a00ad1-a54e-4c9e-a7a2-384b5acfdaca,2021-10-05,553608.55,0.0,175895.92,71406.02
56e2304c-fd87-44e0-99b1-0543d871505b,68550ce5-f904-4b52-9d45-c7cf0c1d8497,2021-10-05,908184.99,0.0,142680.97,164310.74
f1acb6cd-a751-4a4e-80d2-9a39a1a3ea9e,e9a00ad1-a54e-4c9e-a7a2-384b5acfdaca,2022-06-25,553608.55,739.09,175895.92,71406.02
a1c9a67f-8774-4d6f-9187-9fd7118d6b94,68550ce5-f904-4b52-9d45-c7cf0c1d8497,2022-06-25,908184.99,0.0,142680.97,164310.74
8ba8e21d-da24-4a17-baa4-1cccf80390d4,e9a00ad1-a54e-4c9e-a7a2-384b5acfdaca,2022-08-14,553608.55,879.6,175895.92,71406.02
51eebeea-539f-45f7-ae2b-e2a7ef49ba66,e9a00ad1-a54e-4c9e-a7a2-384b5acfdaca,2022-11-29,553608.55,1180.3,175895.92,71406.02
36c079ca-ca78-4a27-8de9-0f9ec03c23ee,e9a00ad1-a54e-4c9e-a7a2-384b5acfdaca,2023-06-23,553608.55,1759.21,175895.92,71406.02
6c544d04-abe2-453c-85b7-0b89b4514731,b42356b9-e55f-4768-9f2a-b0d7c4874794,2023-06-28,342273.04,0.0,99954.43,97257.11
96f6e287-32ba-4d92-b6ca-d5566bcdfeed,e9a00ad1-a54e-4c9e-a7a2-384b5acfdaca,2023-06-28,553608.55,1773.26,175895.92,71406.02
dbf498ad-f326-42c7-a368-325aaeb0defd,b42356b9-e55f-4768-9f2a-b0d7c4874794,2024-03-05,342273.04,0.0,99954.43,97257.11
731137a5-3292-45e1-b90c-eeb8bc9c970d,603b6c8b-24c6-405c-a338-dd9ab503484f,2024-03-05,624279.35,0.0,128841.64,188235.5
37035240-65d7-41e3-b969-64b7928d86d0,e9a00ad1-a54e-4c9e-a7a2-384b5acfdaca,2024-03-05,553608.55,2478.63,175895.92,71406.02
cc01d963-5245-4b5a-b692-e74a96487385,b42356b9-e55f-4768-9f2a-b0d7c4874794,2024-03-09,342273.04,0.0,99954.43,97257.11
a10f117a-c22c-428f-996d-dd43d6380d49,603b6c8b-24c6-405c-a338-dd9ab503484f,2024-03-09,624279.35,0.0,128841.64,188235.5
b277e6b3-a3f4-474e-bca9-a61dbd20ebac,e9a00ad1-a54e-4c9e-a7a2-384b5acfdaca,2024-03-09,553608.55,2489.87,175895.92,71406.02
15bb5859-eeac-49ff-a588-6eb03fdd0b7a,b42356b9-e55f-4768-9f2a-b0d7c4874794,2024-04-19,342273.04,0.0,99954.43,97257.11
e1e7774f-a601-4bbd-8d8c-9d944e7ffa47,603b6c8b-24c6-405c-a338-dd9ab503484f,2024-04-19,624279.35,0.0,128841.64,188235.5
9dd51f21-cbda-424e-85d9-22a022223712,e9a00ad1-a54e-4c9e-a7a2-384b5acfdaca,2024-04-19,553608.55,2605.09,175895.92,71406.02
98df6c5f-b3ae-42b4-bfc9-cdcbb2e65f9a,b42356b9-e55f-4768-9f2a-b0d7c4874794,2024-06-30,342273.04,0.0,99954.43,97257.11
a81facb9-5271-450a-b370-2a26dfe4098e,603b6c8b-24c6-405c-a338-dd9ab503484f,2024-06-30,624279.35,0.0,128841.64,188235.5
c1fb9ea4-78d0-49e5-9b56-f2f8881cb06c,9ca72677-5228-472d-89f7-2b86675a7ad8,2024-06-30,441471.26,0.0,157846.35,55391.66
bfcd1e49-401c-40a5-a1e8-8bc3d73afd93,e9a00ad1-a54e-4c9e-a7a2-384b5acfdaca,2024-06-30,553608.55,2807.43,175895.92,71406.02
e121b7c2-f709-40fa-834d-e2b3ba0504b3,b42356b9-e55f-4768-9f2a-b0d7c4874794,2024-10-03,342273.04,0.0,99954.43,97257.11
b35cd659-4ace-4ebf-ae3b-c30d86eaae9d,603b6c8b-24c6-405c-a338-dd9ab503484f,2024-10-03,624279.35,0.0,128841.64,188235.5
241090ec-a6ae-4905-841e-77565b8235a4,9ca72677-5228-472d-89f7-2b86675a7ad8,2024-10-03,441471.26,0.0,157846.35,55391.66
1175254d-95d9-4b53-ad36-f6813c5d4b44,e9a00ad1-a54e-4c9e-a7a2-384b5acfdaca,2024-10-03,553608.55,3074.4,175895.92,71406.02
07150470-78b7-4b27-b33a-736f3930b040,b42356b9-e55f-4768-9f2a-b0d7c4874794,2025-04-26,342273.04,0.0,99954.43,97257.11
152f762a-318e-4bbf-a921-3810daa5f0d8,603b6c8b-24c6-405c-a338-dd9ab503484f,2025-04-26,624279.35,0.0,128841.64,188235.5
ecc4750c-c5ab-4762-9ef9-c04b0ef006d8,9ca72677-5228-472d-89f7-2b86675a7ad8,2025-04-26,441471.26,0.0,157846.35,55391.66
67f4618e-c99d-459d-80be-5f7c034514f5,e9a00ad1-a54e-4c9e-a7a2-384b5acfdaca,2025-04-26,553608.55,3650.5,175895.92,71406.02
ea3cd8ec-6c6f-4abe-9d5f-3c1441dbb95b,b42356b9-e55f-4768-9f2a-b0d7c4874794,2026-01-19,342273.04,0.0,99954.43,97257.11
a6e9e15e-df21-4190-9f43-1d1f2a7a286c,603b6c8b-24c6-405c-a338-dd9ab503484f,2026-01-19,624279.35,0.0,128841.64,188235.5
b5313a08-7f1b-4b01-943f-526d7aca462f,9ca72677-5228-472d-89f7-2b86675a7ad8,2026-01-19,441471.26,0.0,157846.35,55391.66
a116e618-e038-4c32-a8ad-07e552088bf6,e9a00ad1-a54e-4c9e-a7a2-384b5acfdaca,2026-01-19,553608.55,4403.65,175895.92,71406.02
e286381d-6b74-4c22-a6a3-4f15891a430a,b42356b9-e55f-4768-9f2a-b0d7c4874794,2026-02-18,342273.04,0.0,99954.43,97257.11
91c2acf9-88c7-4e7a-9aeb-b7805306d34e,603b6c8b-24c6-405c-a338-dd9ab503484f,2026-02-18,624279.35,0.0,128841.64,188235.5
9a6956f8-ba40-46c5-82f4-52f7aacde309,9ca72677-5228-472d-89f7-2b86675a7ad8,2026-02-18,441471.26,0.0,157846.35,55391.66
982decec-0509-41ff-9a9a-c03a5537d2d3,00700278-265a-4906-bada-e5614a67b4cc,2026-02-18,825689.64,0.0,153759.39,65950.09
c2c2a633-0921-4a1d-9686-219da33a6d53,e9a00ad1-a54e-4c9e-a7a2-384b5acfdaca,2026-02-18,553608.55,4487.95,175895.92,71406.02
33de8aac-8af0-4702-95b0-d2be54c8337e,b1b86c24-a2e0-4b2c-b463-90aa7189ba37,2022-09-05,139285.9,0.0,196284.62,123293.61
f9582163-5d5b-4e21-82a0-844ac25e9d33,b1b86c24-a2e0-4b2c-b463-90aa7189ba37,2022-11-03,139285.9,202.07,196284.62,123293.61
f74acc81-0d5d-45a5-84a7-6c702688aaea,b1b86c24-a2e0-4b2c-b463-90aa7189ba37,2022-11-25,139285.9,277.42,196284.62,123293.61
fe508437-6de9-4bcf-9f77-2d488441fff2,b1b86c24-a2e0-4b2c-b463-90aa7189ba37,2022-12-27,139285.9,387.02,196284.62,123293.61
a2ed2759-a199-4fae-8aa3-838851514abd,b1b86c24-a2e0-4b2c-b463-90aa7189ba37,2023-07-01,139285.9,1024.06,196284.62,123293.61
c220fe04-3a49-40e4-8060-78ae6efad20c,b1b86c24-a2e0-4b2c-b463-90aa7189ba37,2023-12-31,139285.9,1650.82,196284.62,123293.61
12c84bf3-3111-4bd2-b8b3-67790e5e2df5,b1b86c24-a2e0-4b2c-b463-90aa7189ba37,2024-12-11,139285.9,2835.85,196284.62,123293.61
b3219fb9-0817-4a6b-86b9-e96d6915fea0,3739ece7-b536-4697-baa0-71dac1a6ab26,2024-12-11,318992.19,0.0,50743.48,61880.55
9aeac1e0-03c6-41f1-b676-6d4dd637b20e,b1b86c24-a2e0-4b2c-b463-90aa7189ba37,2025-09-29,139285.9,3835.93,196284.62,123293.61
c9c33a3b-4624-4357-afc1-2461be404d09,3739ece7-b536-4697-baa0-71dac1a6ab26,2025-09-29,318992.19,0.0,50743.48,61880.55
b7ba4783-25a1-4faf-ba0a-e0e2e21aa5b2,b1b86c24-a2e0-4b2c-b463-90aa7189ba37,2025-11-16,139285.9,4000.33,196284.62,123293.61
6215c561-804f-44ca-9a9d-6b550b0dca9f,3739ece7-b536-4697-baa0-71dac1a6ab26,2025-11-16,318992.19,0.0,50743.48,61880.55
573e762e-321f-4d6b-8029-813c780a1686,b1b86c24-a2e0-4b2c-b463-90aa7189ba37,2025-11-26,139285.9,4034.58,196284.62,123293.61
dfed31e5-37cd-4dd0-98ca-d3accb75f88a,3739ece7-b536-4697-baa0-71dac1a6ab26,2025-11-26,318992.19,0.0,50743.48,61880.55
98ffbb5f-0e0c-4e70-acb4-3915d625ccb7,246df25f-62c6-4fe0-b911-5b5f3c2a3d19,2020-06-03,679269.25,0.0,60950.88,123002.66
e7f5596c-d124-4076-9fdf-80b77331f31c,246df25f-62c6-4fe0-b911-5b5f3c2a3d19,2020-06-16,679269.25,0.0,60950.88,123002.66
999b2f0f-a259-4c84-80c2-a782ff1697f2,c9c2751e-16fc-403c-8611-b5b2fe1c1a76,2020-06-16,544220.32,0.0,76249.99,64616.76
68e50e84-943e-4939-8357-86fb12c85336,246df25f-62c6-4fe0-b911-5b5f3c2a3d19,2020-10-19,679269.25,0.0,60950.88,123002.66
6a9e9868-1e6e-4265-b7f5-0b96611347ae,c9c2751e-16fc-403c-8611-b5b2fe1c1a76,2020-10-19,544220.32,0.0,76249.99,64616.76
36ba3d38-ce08-45ab-b794-77b9cac61610,246df25f-62c6-4fe0-b911-5b5f3c2a3d19,2020-12-04,679269.25,0.0,60950.88,123002.66
08ad13fe-e814-466f-84ff-9b9763ef72fb,f3a6a2c0-c65c-4530-b50a-c90287b70ae8,2020-12-04,498007.76,0.0,137478.8,89461.49
15581cd1-3dcd-42b6-8acb-87af97bc47ad,c9c2751e-16fc-403c-8611-b5b2fe1c1a76,2020-12-04,544220.32,0.0,76249.99,64616.76
9e1632fe-e905-497f-85a6-ad4077d1b0d3,246df25f-62c6-4fe0-b911-5b5f3c2a3d19,2021-09-17,679269.25,0.0,60950.88,123002.66
4587de59-24c8-439a-8b53-e2aa77866e9b,f3a6a2c0-c65c-4530-b50a-c90287b70ae8,2021-09-17,498007.76,1141.01,137478.8,89461.49
85f74efc-6629-4dae-8eaf-4a1cb2ba64bd,c9c2751e-16fc-403c-8611-b5b2fe1c1a76,2021-09-17,544220.32,0.0,76249.99,64616.76
2e705a7b-9a39-46a0-a4b2-d40a4594c142,246df25f-62c6-4fe0-b911-5b5f3c2a3d19,2022-02-13,679269.25,0.0,60950.88,123002.66
b49821d4-1733-4277-a78e-aaa539177a29,f3a6a2c0-c65c-4530-b50a-c90287b70ae8,2022-02-13,498007.76,1733.39,137478.8,89461.49
cba0c123-1897-4571-b0dd-5dfbf2227d40,c9c2751e-16fc-403c-8611-b5b2fe1c1a76,2022-02-13,544220.32,0.0,76249.99,64616.76
e3c9c914-9216-42f0-aef9-b4160b05d7c6,246df25f-62c6-4fe0-b911-5b5f3c2a3d19,2022-04-13,679269.25,0.0,60950.88,123002.66
54ca44f8-6124-4542-a126-83cab1215d4b,f3a6a2c0-c65c-4530-b50a-c90287b70ae8,2022-04-13,498007.76,1967.95,137478.8,89461.49
c01e0545-3e6e-4814-b4f9-39b028a7328f,c9c2751e-16fc-403c-8611-b5b2fe1c1a76,2022-04-13,544220.32,0.0,76249.99,64616.76
44dea46e-1149-4015-b8a4-33eb59d38b3e,7c2194fe-733b-45e9-b1fa-518d83e91b2e,2022-06-13,934818.46,0.0,144205.93,108932.02
cd33e033-6873-4b9b-be86-9b1411f8e181,246df25f-62c6-4fe0-b911-5b5f3c2a3d19,2022-06-13,679269.25,0.0,60950.88,123002.66
258911d6-f518-46c7-bc65-23eda6d31b03,f3a6a2c0-c65c-4530-b50a-c90287b70ae8,2022-06-13,498007.76,2210.47,137478.8,89461.49
9a2cf710-a2aa-4782-8a0a-9ab6e55bc020,c9c2751e-16fc-403c-8611-b5b2fe1c1a76,2022-06-13,544220.32,0.0,76249.99,64616.76
67b0d11d-a2ad-493f-9ab3-e2341dd6506e,7c2194fe-733b-45e9-b1fa-518d83e91b2e,2022-07-15,934818.46,0.0,144205.93,108932.02
dd6102ac-8aa3-4df1-bd37-7a0165518755,246df25f-62c6-4fe0-b911-5b5f3c2a3d19,2022-07-15,679269.25,0.0,60950.88,123002.66
2d6a6662-9069-4fe6-b6b4-8e365c43405d,f3a6a2c0-c65c-4530-b50a-c90287b70ae8,2022-07-15,498007.76,2337.69,137478.8,89461.49
b369765f-177e-4d16-84c6-23217b2e9169,c9c2751e-16fc-403c-8611-b5b2fe1c1a76,2022-07-15,544220.32,0.0,76249.99,64616.76
c5052af9-22f5-497d-9e64-0d91135db4aa,7c2194fe-733b-45e9-b1fa-518d83e91b2e,2022-12-22,934818.46,0.0,144205.93,108932.02
09dfe213-f7e0-46b4-a8c1-c18852315f45,246df25f-62c6-4fe0-b911-5b5f3c2a3d19,2022-12-22,679269.25,0.0,60950.88,123002.66
346963d6-1dba-41f3-afb0-23a19a08592b,f3a6a2c0-c65c-4530-b50a-c90287b70ae8,2022-12-22,498007.76,2973.79,137478.8,89461.49
7e09ada1-b770-4b48-9f90-6b5ad6c97b6b,c9c2751e-16fc-403c-8611-b5b2fe1c1a76,2022-12-22,544220.32,0.0,76249.99,64616.76
835dad35-2ee2-4a9b-9562-3a96152991bb,7c2194fe-733b-45e9-b1fa-518d83e91b2e,2023-07-11,934818.46,0.0,144205.93,108932.02
54e9f61c-bfb2-44f7-a706-812a8a71cd4b,246df25f-62c6-4fe0-b911-5b5f3c2a3d19,2023-07-11,679269.25,0.0,60950.88,123002.66
26e8128a-2e26-4dda-894d-ee03284ad4ca,f3a6a2c0-c65c-4530-b50a-c90287b70ae8,2023-07-11,498007.76,3772.9,137478.8,89461.49
cf943042-539a-4881-8d50-dc1b87beacc1,c9c2751e-16fc-403c-8611-b5b2fe1c1a76,2023-07-11,544220.32,0.0,76249.99,64616.76
8de57f1f-2d13-4c21-8cda-adea47df7d94,7c2194fe-733b-45e9-b1fa-518d83e91b2e,2024-04-27,934818.46,0.0,144205.93,108932.02
7def971b-4cf3-4507-b57b-f644e013a180,246df25f-62c6-4fe0-b911-5b5f3c2a3d19,2024-04-27,679269.25,0.0,60950.88,123002.66
2ee1988d-05c0-48de-8512-863d1ce09452,f3a6a2c0-c65c-4530-b50a-c90287b70ae8,2024-04-27,498007.76,4929.82,137478.8,89461.49
944a19d6-9e38-472c-a38e-08302ec0e650,c9c2751e-16fc-403c-8611-b5b2fe1c1a76,2024-04-27,544220.32,0.0,76249.99,64616.76
4b5d64a4-bbfd-4591-a6ec-466e412797f7,7c2194fe-733b-45e9-b1fa-518d83e91b2e,2024-12-31,934818.46,0.0,144205.93,108932.02
70a46acc-f6f1-41cd-8bbf-acffebf32096,246df25f-62c6-4fe0-b911-5b5f3c2a3d19,2024-12-31,679269.25,0.0,60950.88,123002.66
b7702796-dbf6-4522-9640-67cf2ef7b1cc,f3a6a2c0-c65c-4530-b50a-c90287b70ae8,2024-12-31,498007.76,5915.78,137478.8,89461.49
40e1a238-7294-465d-b016-d42536dca829,c9c2751e-16fc-403c-8611-b5b2fe1c1a76,2024-12-31,544220.32,0.0,76249.99,64616.76
fffe86b4-38bf-4cac-bd6a-956caa703fda,7c2194fe-733b-45e9-b1fa-518d83e91b2e,2025-04-25,934818.46,0.0,144205.93,108932.02
e90f373e-e6f0-4840-86ae-ec2bcc5e7fe2,246df25f-62c6-4fe0-b911-5b5f3c2a3d19,2025-04-25,679269.25,0.0,60950.88,123002.66
4bbcd295-6acd-4aed-be88-6ae81dd97950,f3a6a2c0-c65c-4530-b50a-c90287b70ae8,2025-04-25,498007.76,6372.98,137478.8,89461.49
5888113a-f4a9-4e64-a88c-d887840a3f23,c9c2751e-16fc-403c-8611-b5b2fe1c1a76,2025-04-25,544220.32,0.0,76249.99,64616.76
9db11c4a-faec-440f-9e7a-0ac3c80b3640,7c2194fe-733b-45e9-b1fa-518d83e91b2e,2025-06-17,934818.46,0.0,144205.93,108932.02
7c0c95b5-3012-401b-8712-f57335b54ae5,246df25f-62c6-4fe0-b911-5b5f3c2a3d19,2025-06-17,679269.25,0.0,60950.88,123002.66
f2266abc-a2e5-4f38-8371-1beb5d68189f,f3a6a2c0-c65c-4530-b50a-c90287b70ae8,2025-06-17,498007.76,6583.69,137478.8,89461.49
e31d8760-5d59-49de-ae43-00a93e229cbb,c9c2751e-16fc-403c-8611-b5b2fe1c1a76,2025-06-17,544220.32,0.0,76249.99,64616.76
