valuation_id,policy_id,as_of_date,current_value
b0864093-3cbe-4ed8-bd0c-721682ea9a30,0c7b5ccd-510f-41a5-b662-07ad98c41aae,2024-04-16,5457.01
897feaab-cd40-4128-baa2-1608b11e1acd,0c7b5ccd-510f-41a5-b662-07ad98c41aae,2024-08-26,5843.67
b39f6c53-682d-4b67-bf0e-87dabf96ea10,0c7b5ccd-510f-41a5-b662-07ad98c41aae,2025-03-05,6545.95
b10985f1-790f-4c78-b6a0-e15326c9f163,0c7b5ccd-510f-41a5-b662-07ad98c41aae,2025-08-08,7083.33
25e7aa98-7283-4bbb-9c56-0fdd5c96d100,c0682497-3129-4958-baa9-e8422e66e726,2025-09-11,4191.59
8c9caff4-121d-4d46-a4f6-fc168cce8c23,0c7b5ccd-510f-41a5-b662-07ad98c41aae,2025-09-11,6859.59
b9761272-4e1c-4144-88f2-185f1d94c72b,c0682497-3129-4958-baa9-e8422e66e726,2025-09-22,4239.56
4ea3fbb1-526c-4fed-8735-fad10b9d2861,0c7b5ccd-510f-41a5-b662-07ad98c41aae,2025-09-22,6913.2
40822f55-6680-432d-87ab-b9a1d693f25b,c0682497-3129-4958-baa9-e8422e66e726,2026-01-17,4137.74
09ae95a6-8968-49f4-b176-3a9106c600dd,0c7b5ccd-510f-41a5-b662-07ad98c41aae,2026-01-17,7722.07
fbfe70e1-b9f3-46e5-b00f-fcfe8e0be047,c0682497-3129-4958-baa9-e8422e66e726,2026-02-28,4210.07
d7d46e66-5d25-49d2-851a-34c15c04fd3b,0c7b5ccd-510f-41a5-b662-07ad98c41aae,2026-02-28,7492.77
446589e6-1f8b-422f-b8e4-e332649baa94,27574c9c-cf9f-4ea1-853b-078adc9f8246,2020-12-30,1292.47
e9e91501-0627-43ed-ab86-16a1d0ee2662,27574c9c-cf9f-4ea1-853b-078adc9f8246,2021-05-21,1467.24
c964acc3-694f-44b4-9658-09746adff2d0,27574c9c-cf9f-4ea1-853b-078adc9f8246,2022-04-08,1540.62
c18ef9aa-afb8-45b6-892b-6de5561a2bab,27574c9c-cf9f-4ea1-853b-078adc9f8246,2022-05-03,1489.11
bb7882e5-4ca6-497f-a8cd-62f5ff44f366,664137b0-4405-4178-8e10-16fa70c6bbbb,2022-12-26,2919.58
ad513f51-4a3f-4634-a679-022382b6f2dd,664137b0-4405-4178-8e10-16fa70c6bbbb,2023-08-08,2849.87
c31aa333-a29c-432f-8760-7637eb6596af,664137b0-4405-4178-8e10-16fa70c6bbbb,2024-01-20,2997.91
264b6f03-6cee-465b-921b-60364fd191da,664137b0-4405-4178-8e10-16fa70c6bbbb,2024-07-11,3050.97
de712261-de35-4689-b1bd-4cc838bc4016,664137b0-4405-4178-8e10-16fa70c6bbbb,2025-02-27,3216.96
4c625ea3-f9eb-44e9-8668-29fad6893011,664137b0-4405-4178-8e10-16fa70c6bbbb,2025-08-14,3279.84
78231898-b96e-4504-9774-c691d71b05e3,7504cbe6-f902-43e9-b80b-a0d517fd026b,2022-01-15,5112.22
e1e2f8da-6295-4320-9732-c3b201e7580b,7504cbe6-f902-43e9-b80b-a0d517fd026b,2022-10-23,5337.6
cfd616ea-923f-4847-8277-eb7b347c35dc,7504cbe6-f902-43e9-b80b-a0d517fd026b,2023-04-05,5377.54
22006ecd-5696-45af-a2aa-798e083bfa2f,7504cbe6-f902-43e9-b80b-a0d517fd026b,2023-11-15,5460.94
9b1797e0-d8ec-417d-884c-468a36c5aa41,7504cbe6-f902-43e9-b80b-a0d517fd026b,2024-04-04,5977.74
c292799a-551c-412c-af7c-4635bddc1713,7504cbe6-f902-43e9-b80b-a0d517fd026b,2024-05-08,5758.27
1c1e507c-302f-4eb5-937e-52b4542e04a1,0c9cc0b7-482a-4a32-b6b5-033ca0c40123,2024-05-08,5400.85
7c93c667-684e-4a38-8a0c-fdbd04ad9325,7504cbe6-f902-43e9-b80b-a0d517fd026b,2024-07-04,5869.4
9675df9c-793c-4979-9788-426e9982c4b5,0d1759bb-285c-493e-8a82-cdeef1c3eade,2024-07-04,5218.52
9e9315a1-843b-47f1-8013-5923c49ab45b,0c9cc0b7-482a-4a32-b6b5-033ca0c40123,2024-07-04,5489.69
315b2099-f370-4cc4-9832-9004ee988d66,7504cbe6-f902-43e9-b80b-a0d517fd026b,2024-09-10,5939.95
02ebb033-8fbb-4034-b6fc-59341bea7729,0d1759bb-285c-493e-8a82-cdeef1c3eade,2024-09-10,5040.1
6f16e2d4-d58d-41af-aa1e-5c7542a95015,0c9cc0b7-482a-4a32-b6b5-033ca0c40123,2024-09-10,5782.82
9f370310-b3ec-4b36-a3b2-b2a29e65c473,7504cbe6-f902-43e9-b80b-a0d517fd026b,2025-07-03,6613.31
c34b9a30-8696-4d19-9661-b6d5b81dadf0,0d1759bb-285c-493e-8a82-cdeef1c3eade,2025-07-03,5500.75
0cbd980b-6ab8-452a-8772-1f4ea87751ca,0c9cc0b7-482a-4a32-b6b5-033ca0c40123,2025-07-03,6143.1
c52510cf-2acf-4b80-a9ff-1bbdc7388a63,7504cbe6-f902-43e9-b80b-a0d517fd026b,2025-11-10,6860.87
d30c11ba-fda8-44ef-8165-b0bc492bdf1b,0d1759bb-285c-493e-8a82-cdeef1c3eade,2025-11-10,5417.75
8287c6b1-ec17-445e-8fe8-73ae2c1f812f,0c9cc0b7-482a-4a32-b6b5-033ca0c40123,2025-11-10,6025.49
a349303f-19b5-4839-963d-97dd46f8de58,7504cbe6-f902-43e9-b80b-a0d517fd026b,2025-12-06,6705.67
00405f55-67f3-4793-ad3e-d13e4b2350da,0c9cc0b7-482a-4a32-b6b5-033ca0c40123,2025-12-06,6539.14
66ec5843-c873-4701-befd-7f939261b0db,d7332977-3839-4752-9366-c3148bb2c212,2024-01-22,51417.96
bf85515b-09c2-4e09-b292-431a0260e1ef,d7332977-3839-4752-9366-c3148bb2c212,2024-07-20,54121.85
96c3939c-e6f0-4301-a9bf-48812dfc6e2a,d7332977-3839-4752-9366-c3148bb2c212,2024-07-26,53788.42
04912f11-61d1-4fa2-898f-6265a7f990f3,d7332977-3839-4752-9366-c3148bb2c212,2024-12-15,53015.28
e303569d-a91c-48e6-bb0d-c9241b55a1c9,d7332977-3839-4752-9366-c3148bb2c212,2025-11-12,57957.58
fd42b09c-4338-4edc-ae28-d0cb40436986,d7332977-3839-4752-9366-c3148bb2c212,2025-11-18,58271.87
cda100f5-a17b-40fa-bb97-10125d8970be,657e1bac-b2fe-47ca-8144-4f5bf670f12c,2017-02-03,5265.39
a9ccd6e9-449c-446d-9083-f0776c7e20ce,bea3fc52-7f10-49ea-ab00-297476222abb,2017-10-24,2753.44
1224a54a-4f16-4cd2-9105-1c68e9f7bca8,657e1bac-b2fe-47ca-8144-4f5bf670f12c,2017-10-24,5458.94
03c3606a-1582-4eac-908e-0887b61a0335,bea3fc52-7f10-49ea-ab00-297476222abb,2017-11-28,2867.69
300fb19b-eee0-4e99-aa23-30da546ff9cc,657e1bac-b2fe-47ca-8144-4f5bf670f12c,2017-11-28,5608.04
fc3a1ebd-5104-44ef-b64f-de33f9c260ae,bea3fc52-7f10-49ea-ab00-297476222abb,2017-12-24,2777.67
b91585a9-b8bc-4396-955a-c19f4980facd,657e1bac-b2fe-47ca-8144-4f5bf670f12c,2017-12-24,5836.26
1a3712bd-9154-4f0b-825b-31bdca079322,bea3fc52-7f10-49ea-ab00-297476222abb,2017-12-29,2656.96
8578effd-a074-4352-91e0-a507ceafcd26,657e1bac-b2fe-47ca-8144-4f5bf670f12c,2017-12-29,5798.72
a27bcb6f-13ec-43ec-a6ec-50eae0523b76,bea3fc52-7f10-49ea-ab00-297476222abb,2018-02-06,2913.01
eafd6e4e-1324-442b-9016-7ac6136e296b,657e1bac-b2fe-47ca-8144-4f5bf670f12c,2018-02-06,5592.91
48d7a1ec-b9e5-4486-a1b2-be3cd734c383,bea3fc52-7f10-49ea-ab00-297476222abb,2018-03-08,2842.95
c5774cd5-06ed-47ec-b2a7-81c205e445f3,657e1bac-b2fe-47ca-8144-4f5bf670f12c,2018-03-08,6091.33
c45039fa-8588-493a-9b2d-b60b8c515b47,bea3fc52-7f10-49ea-ab00-297476222abb,2018-07-12,3046.13
10ae4e75-3379-4149-ac78-db464183ea6d,bea3fc52-7f10-49ea-ab00-297476222abb,2019-02-05,3002.55
11e11702-777e-4528-a45f-e65407c9f8f0,bea3fc52-7f10-49ea-ab00-297476222abb,2019-07-13,3086.64
125e858d-3cd3-4f22-8ac8-fadd1882f1a8,bea3fc52-7f10-49ea-ab00-297476222abb,2019-12-24,3387.53
02f29672-ecb6-4376-8c18-f8cd2ace0d4c,bea3fc52-7f10-49ea-ab00-297476222abb,2020-09-06,3532.16
11288e20-c265-47ec-899e-34af55251712,bea3fc52-7f10-49ea-ab00-297476222abb,2021-08-22,3969.39
91b82ce3-41df-478b-ae7c-17a3641f4333,bea3fc52-7f10-49ea-ab00-297476222abb,2021-09-27,4012.81
cae2a5cf-0720-48e1-a30b-065d20a800d3,bea3fc52-7f10-49ea-ab00-297476222abb,2022-01-04,3834.04
8041456b-0a48-43d0-ae97-6c6d39313543,d4e60bbf-e621-4e74-b0c2-b02138181c7a,2022-01-15,2494.52
37c9a84d-fb5a-414c-b63b-c0d7031efdab,bea3fc52-7f10-49ea-ab00-297476222abb,2022-01-15,3926.64
d5bafb23-b66a-42c4-a0d1-385a47ee55d0,d4e60bbf-e621-4e74-b0c2-b02138181c7a,2022-02-07,2674.65
3da98ed0-c14f-4395-96e7-1912aa498898,bea3fc52-7f10-49ea-ab00-297476222abb,2022-02-07,3794.13
88be4fdc-06c8-4a28-84a2-1315e91057f2,d4e60bbf-e621-4e74-b0c2-b02138181c7a,2022-04-20,2533.48
be421590-e72a-44c3-9d1c-9749bae94737,bea3fc52-7f10-49ea-ab00-297476222abb,2022-04-20,4101.55
07851df6-0825-4b87-8a48-f9410f4cb25f,d4e60bbf-e621-4e74-b0c2-b02138181c7a,2022-07-30,2653.9
154845f6-3881-42fb-bbe8-4d5076f39849,bea3fc52-7f10-49ea-ab00-297476222abb,2022-07-30,4219.27
307fa280-1b23-466c-a757-e728c50c7462,d4e60bbf-e621-4e74-b0c2-b02138181c7a,2023-05-26,2935.54
797e0025-3932-4bd9-9933-7e3e4090777a,bea3fc52-7f10-49ea-ab00-297476222abb,2023-05-26,4319.56
2a080f4f-426a-436a-b6da-cca4bd81aa77,d4e60bbf-e621-4e74-b0c2-b02138181c7a,2024-03-13,2992.19
89a809c7-2cb9-4491-80fe-a7b2c513063e,bea3fc52-7f10-49ea-ab00-297476222abb,2024-03-13,4614.19
37d07231-b9d1-45a1-bd50-3a753ff709c8,d4e60bbf-e621-4e74-b0c2-b02138181c7a,2024-08-06,3353.28
eb0c7272-9c62-46ca-800c-e898040f6f2a,bea3fc52-7f10-49ea-ab00-297476222abb,2024-08-06,4772.07
83c35f2f-6053-4561-a180-aefe35e4f6fd,d4e60bbf-e621-4e74-b0c2-b02138181c7a,2024-10-16,3121.34
a1f5f997-483c-4a98-8f43-f13ac3f72cc6,bea3fc52-7f10-49ea-ab00-297476222abb,2024-10-16,5120.46
684cde99-11a7-40d0-bcba-c80a1301d33f,d4e60bbf-e621-4e74-b0c2-b02138181c7a,2024-12-16,3477.63
0753b92d-7e61-457b-a898-1c062aca2b39,bea3fc52-7f10-49ea-ab00-297476222abb,2024-12-16,5171.55
0f913b3a-a471-45a6-9a6d-dda0e2cd33a7,d4e60bbf-e621-4e74-b0c2-b02138181c7a,2025-07-08,3569.68
78a365f5-b3c4-40c7-8f64-26358c20a5d5,bea3fc52-7f10-49ea-ab00-297476222abb,2025-07-08,5510.56
abfedb16-219f-4915-8e31-07081d32405f,6b923608-058c-4022-a4bd-32a1ba5f1e01,2025-07-08,6428.33
47668d1e-5a7c-4a20-bdab-b8758fc8f9e6,d4e60bbf-e621-4e74-b0c2-b02138181c7a,2025-10-14,3750.81
c935149b-3eb8-46ae-8100-9c6c1a297887,bea3fc52-7f10-49ea-ab00-297476222abb,2025-10-14,5450.0
692a5465-fe28-4d15-9a5b-932f62273da3,6b923608-058c-4022-a4bd-32a1ba5f1e01,2025-10-14,6398.62
17902d5d-7700-427a-97c6-81ef467e40d1,945c4274-1c2d-4b3f-baca-aac4fb0d3a61,2021-03-29,28825.78
c462ef61-b2ab-4d64-91c3-686fb0b2458b,945c4274-1c2d-4b3f-baca-aac4fb0d3a61,2021-07-16,28409.99
fc473879-857b-479d-a2a8-e0dde778c71f,945c4274-1c2d-4b3f-baca-aac4fb0d3a61,2021-09-24,29260.25
dd96780f-38b9-40dc-b485-2d084f6b3ea8,0ffe0335-1b4a-47e2-ad50-89d0e654220c,2021-09-24,49062.24
8e008679-03b0-408a-bbed-34bc18f29203,945c4274-1c2d-4b3f-baca-aac4fb0d3a61,2021-11-12,31538.28
c2b9d5f6-388e-425f-a540-22d974a0e09d,0ffe0335-1b4a-47e2-ad50-89d0e654220c,2021-11-12,48976.26
9e89ed3a-451c-4b0b-9d54-a346b3d0b02b,945c4274-1c2d-4b3f-baca-aac4fb0d3a61,2022-07-05,31734.74
63e4cd97-39b8-4bc2-a531-42aa59ae0f9b,0ffe0335-1b4a-47e2-ad50-89d0e654220c,2022-07-05,50275.14
aa884b6e-6652-4ab9-8c8e-d3183bc83c63,ba896629-3348-4c12-a513-cedf7b1cd221,2022-08-24,34056.39
9ae9eb82-e510-4bc1-89b2-e31ea79f65a0,0ffe0335-1b4a-47e2-ad50-89d0e654220c,2022-08-24,51556.92
506a4de4-8a09-486d-92be-c2ad892d8375,ba896629-3348-4c12-a513-cedf7b1cd221,2022-10-06,32141.62
9e488362-80ca-4d2a-a5fc-dd54194d5e27,0ffe0335-1b4a-47e2-ad50-89d0e654220c,2022-10-06,55875.99
0227e739-554c-4acd-868f-d1e0afb9f373,ba896629-3348-4c12-a513-cedf7b1cd221,2022-11-12,33166.63
1d299160-dbbd-4deb-9ba3-e65bc57784c5,0ffe0335-1b4a-47e2-ad50-89d0e654220c,2022-11-12,55820.76
55bb898a-adcd-4c44-abc3-233ae98e1b1a,ba896629-3348-4c12-a513-cedf7b1cd221,2023-02-14,36110.18
3bcb1e33-9b9f-458a-8e85-9299448beab7,0ffe0335-1b4a-47e2-ad50-89d0e654220c,2023-02-14,52415.64
cfdd3443-4abb-4fd0-88b0-8e8da7405c87,ba896629-3348-4c12-a513-cedf7b1cd221,2023-09-07,36979.26
2bc632a4-cf51-41ed-97d8-69f415d5964c,0ffe0335-1b4a-47e2-ad50-89d0e654220c,2023-09-07,58548.67
42e22ae4-d3ff-4329-a7e4-1566d2f5e815,ba896629-3348-4c12-a513-cedf7b1cd221,2024-07-05,38438.89
eb62857a-c3c5-4e24-a618-0a52bae14f8e,0ffe0335-1b4a-47e2-ad50-89d0e654220c,2024-07-05,61873.67
863a2cc6-d5e0-42c2-b997-5162155a1136,ba896629-3348-4c12-a513-cedf7b1cd221,2024-12-10,39991.94
a47e2ede-03a2-4036-bebd-c0ce1d68abd2,e78db623-796e-4e24-b74d-410c1dac4212,2024-12-10,43508.95
a2a68c18-d466-4fa5-b61a-427b0f395f60,0ffe0335-1b4a-47e2-ad50-89d0e654220c,2024-12-10,59335.35
0c1be475-a688-48b7-99a4-355edf3117ab,ba896629-3348-4c12-a513-cedf7b1cd221,2025-04-11,41278.72
90c9cb97-8869-4d21-b23f-41e0eb50cc33,e78db623-796e-4e24-b74d-410c1dac4212,2025-04-11,43223.97
39013127-10ba-4f66-80d2-6dda1921a258,0ffe0335-1b4a-47e2-ad50-89d0e654220c,2025-04-11,66233.41
1b77fbc6-04f6-485b-8451-2eb1bfea59c4,ba896629-3348-4c12-a513-cedf7b1cd221,2025-10-06,42711.96
0da9eb3d-8b2c-43c2-9579-7c242d42bfd3,e78db623-796e-4e24-b74d-410c1dac4212,2025-10-06,46916.08
4856fbb1-c792-4e6e-912c-860bc554af30,0ffe0335-1b4a-47e2-ad50-89d0e654220c,2025-10-06,63083.42
4a103af7-1ee3-4ebb-9ebd-a11e184cae15,cf60ed61-5148-4a98-8efb-baf7cd05fda7,2016-05-25,49467.05
a333383e-cdf3-4c0d-9b97-a106d3f1e23a,cf60ed61-5148-4a98-8efb-baf7cd05fda7,2016-11-09,51480.75
937e195d-0a4e-477a-8d58-2fb9f108acf7,cf60ed61-5148-4a98-8efb-baf7cd05fda7,2016-11-26,51151.37
cc064b1c-a61c-49d9-be17-6d4a5b8c9448,5d751e94-b677-4802-a4fa-fb98f48f11e3,2016-11-26,25670.52
9db8c480-8132-43e8-93c9-11059bdc86c0,cf60ed61-5148-4a98-8efb-baf7cd05fda7,2017-01-30,56119.65
ee673b41-a031-4ad4-b448-baf2955db4c9,5d751e94-b677-4802-a4fa-fb98f48f11e3,2017-01-30,26163.89
9df6a05d-eeac-44fe-b881-7d434dab7357,cf60ed61-5148-4a98-8efb-baf7cd05fda7,2017-10-07,61272.15
c819d137-0afb-485f-8045-fe00e054b640,5d751e94-b677-4802-a4fa-fb98f48f11e3,2017-10-07,29265.93
824c038b-a2d4-4cb0-8f94-3f5dd7eada8d,cf60ed61-5148-4a98-8efb-baf7cd05fda7,2018-04-05,69228.29
dca40ade-c56c-431f-85be-888981220e47,5d751e94-b677-4802-a4fa-fb98f48f11e3,2018-04-05,29156.04
6cdf97e8-1ce9-4fb8-9eb1-cece513b8cc6,cf60ed61-5148-4a98-8efb-baf7cd05fda7,2018-06-19,71664.66
d9d15d9c-83ba-4b10-9627-fe789c214a48,5d751e94-b677-4802-a4fa-fb98f48f11e3,2018-06-19,29080.08
e23c5db3-c4dc-45b2-b729-0c4cb66c7f2e,cf60ed61-5148-4a98-8efb-baf7cd05fda7,2018-10-19,76876.89
a16176d7-b964-4a58-b1ff-99657523ad2c,5d751e94-b677-4802-a4fa-fb98f48f11e3,2018-10-19,32051.71
23c03ba0-8e23-46e0-bffa-ed3d401c9fbf,cf60ed61-5148-4a98-8efb-baf7cd05fda7,2019-01-24,79392.21
39b7e461-e18f-4ce7-9ff7-33ac3c4648f2,5d751e94-b677-4802-a4fa-fb98f48f11e3,2019-01-24,33547.47
34614941-13e8-495f-a17b-3593ad0b994c,cf60ed61-5148-4a98-8efb-baf7cd05fda7,2019-11-14,85254.42
939d3b69-676e-4925-8771-48fddb5b3099,5d751e94-b677-4802-a4fa-fb98f48f11e3,2019-11-14,33689.56
f894f348-948a-4b79-9f60-c32528748c4a,cf60ed61-5148-4a98-8efb-baf7cd05fda7,2020-04-14,96522.65
692602e8-8669-4ab4-a34b-f23d606fd8fb,da7ba458-fae7-49a3-b38d-5f7448fe5cdf,2020-04-14,41248.95
03d1bfde-b0f5-4eec-af32-b3d3f57930b7,5d751e94-b677-4802-a4fa-fb98f48f11e3,2020-04-14,35918.67
e5435267-f652-4756-8256-650912de7147,cf60ed61-5148-4a98-8efb-baf7cd05fda7,2020-08-20,104179.74
ad137b61-0b89-4783-8a65-9351b067dadc,da7ba458-fae7-49a3-b38d-5f7448fe5cdf,2020-08-20,43746.28
e3ae6feb-8d5b-48ec-88d5-8ab7ad9f3210,5d751e94-b677-4802-a4fa-fb98f48f11e3,2020-08-20,36344.73
b4a579e5-b1fa-475c-add7-5b7d97deff6e,cf60ed61-5148-4a98-8efb-baf7cd05fda7,2021-01-14,108860.67
1af6f2cc-bdd8-4ddd-9df2-b822e7f872fc,da7ba458-fae7-49a3-b38d-5f7448fe5cdf,2021-01-14,51088.36
531b1c4d-a2bc-4c3f-b685-3969a82c3bab,5d751e94-b677-4802-a4fa-fb98f48f11e3,2021-01-14,38566.24
c092df68-51d2-49b5-8417-a747ecb669a7,cf60ed61-5148-4a98-8efb-baf7cd05fda7,2021-09-20,116272.84
23f3849a-4bbe-4c40-920f-71c16e3eb5f9,da7ba458-fae7-49a3-b38d-5f7448fe5cdf,2021-09-20,56499.26
8be1a658-b62a-42e0-b8c5-b62887ffc7fc,5d751e94-b677-4802-a4fa-fb98f48f11e3,2021-09-20,39856.88
2783814f-a67b-4e04-a943-00807e12fb59,cf60ed61-5148-4a98-8efb-baf7cd05fda7,2021-10-04,123866.57
9429e978-769c-410c-ba0e-28a69c75d277,da7ba458-fae7-49a3-b38d-5f7448fe5cdf,2021-10-04,53050.38
826f0bea-421c-4134-9917-3e043410c751,cf60ed61-5148-4a98-8efb-baf7cd05fda7,2022-01-03,126831.75
0e249e55-f90c-4d0c-81e3-b3c12f178c50,da7ba458-fae7-49a3-b38d-5f7448fe5cdf,2022-01-03,55286.64
d27a4c0e-1472-463e-b361-e991fd7d184a,cf60ed61-5148-4a98-8efb-baf7cd05fda7,2022-10-11,138867.54
5e3d91c7-cfcf-46d6-82d7-7442fecc25dd,cf60ed61-5148-4a98-8efb-baf7cd05fda7,2022-11-30,141649.84
ac3baff4-4fde-4f48-a40f-e74263422260,2087b83b-dc5b-4b2a-bfc4-b20b13cd0ceb,2023-03-19,50468.53
cf41f141-dd65-498c-b1b2-8bdc90d2af44,2087b83b-dc5b-4b2a-bfc4-b20b13cd0ceb,2023-09-03,50864.42
83391202-f543-4c86-bf5e-936b63087e83,2087b83b-dc5b-4b2a-bfc4-b20b13cd0ceb,2024-01-14,56358.42
272153af-53b4-4dd6-b6e0-7f7d3fc6356a,2087b83b-dc5b-4b2a-bfc4-b20b13cd0ceb,2024-06-02,56416.8
662bbe05-0a7f-48c5-80ee-5fb5a46be96a,2087b83b-dc5b-4b2a-bfc4-b20b13cd0ceb,2024-12-25,58369.44
8c582273-a13f-4b16-ac31-d9f0f1ce04b1,2087b83b-dc5b-4b2a-bfc4-b20b13cd0ceb,2025-04-22,58038.89
479943f8-4652-4326-b869-280f4e71d598,2087b83b-dc5b-4b2a-bfc4-b20b13cd0ceb,2025-06-26,60252.63
902b19f5-9139-4bc9-ba5c-91803c9de119,1c6aa13d-66ff-4bcc-82ed-efb94232882c,2024-01-24,4759.77
30d4bcd5-7412-4335-8fca-543b1723f62b,1c6aa13d-66ff-4bcc-82ed-efb94232882c,2024-07-22,5270.83
246db7f4-7e9b-4c06-b34e-0bdd24ec0bed,27d45170-615b-46d5-ad4a-a7a22eaca555,2024-12-21,4766.06
1fdbd392-101d-430f-99f7-a4c25b4d6761,1c6aa13d-66ff-4bcc-82ed-efb94232882c,2024-12-21,5461.74
8a21475d-f346-4227-9667-9f88a383fac6,27d45170-615b-46d5-ad4a-a7a22eaca555,2024-12-22,4941.87
62d84cbf-25d4-472f-91a7-7bc889a97979,1c6aa13d-66ff-4bcc-82ed-efb94232882c,2024-12-22,5377.07
66721e4c-0b49-4951-9770-5cb5d4fd198b,27d45170-615b-46d5-ad4a-a7a22eaca555,2025-02-18,4948.12
c79c6056-bf0b-4cc9-bd56-bd42a793f2d0,1c6aa13d-66ff-4bcc-82ed-efb94232882c,2025-02-18,5154.3
d09948b2-a2ee-4834-8620-6813b9105eaa,27d45170-615b-46d5-ad4a-a7a22eaca555,2025-07-05,5151.76
49b9ec17-03a7-44e9-ae6a-0f07138e154d,1c6aa13d-66ff-4bcc-82ed-efb94232882c,2025-07-05,5346.83
bb8746f4-eeae-4303-b1cb-a103456bb00d,27d45170-615b-46d5-ad4a-a7a22eaca555,2025-12-24,5152.67
5ba06407-e942-497d-b25c-6a0ea87c6a47,1c6aa13d-66ff-4bcc-82ed-efb94232882c,2025-12-24,5711.37
1e7ab4c4-0e3f-4b1a-bc19-c9e837b542c3,27d45170-615b-46d5-ad4a-a7a22eaca555,2026-02-26,5107.55
0d747eb6-dd83-468e-9812-63ee1ff70f2b,1c6aa13d-66ff-4bcc-82ed-efb94232882c,2026-02-26,5540.92
74e401f6-e595-412f-8abc-2e6bb6e70a72,9bb6c074-f773-4138-a495-9a346ebb57a3,2018-05-30,46472.66
4d91f439-f16d-47b2-a21d-05abd9ea02ae,9bb6c074-f773-4138-a495-9a346ebb57a3,2019-05-09,55302.54
43a50080-0b67-4b60-ae67-a0b3a2c7cc78,9bb6c074-f773-4138-a495-9a346ebb57a3,2019-09-30,57194.92
680669a1-935c-454b-a3dc-301465b4e681,9bb6c074-f773-4138-a495-9a346ebb57a3,2020-05-23,64622.91
efe58a00-3343-411d-8ba1-dc8c920bf086,9bb6c074-f773-4138-a495-9a346ebb57a3,2021-05-12,69469.9
a5fd6c9d-151b-41cd-ab98-7da516127998,07c4c194-89f3-4dab-859f-15ef12f0966f,2022-02-22,58998.89
0403cd85-c4cd-4c0b-87da-4eeb3a145101,9bb6c074-f773-4138-a495-9a346ebb57a3,2022-02-22,84218.6
d164d21b-df34-48bd-b163-16dc41006dde,07c4c194-89f3-4dab-859f-15ef12f0966f,2022-03-05,60623.13
cb38340a-fbed-49e6-a16c-c13e31d2481f,9bb6c074-f773-4138-a495-9a346ebb57a3,2022-03-05,83803.26
e7b4f9be-3042-4997-bd02-30d86ebcd458,07c4c194-89f3-4dab-859f-15ef12f0966f,2022-11-16,60678.96
0cc667e9-abba-4a94-8ba3-663ac3e85b72,9bb6c074-f773-4138-a495-9a346ebb57a3,2022-11-16,91191.25
d5dd1fbd-0c80-4542-83bb-ef510016232b,07c4c194-89f3-4dab-859f-15ef12f0966f,2022-12-22,62551.69
278b5510-3bbf-4804-886f-67250c9ea1e1,9bb6c074-f773-4138-a495-9a346ebb57a3,2022-12-22,93539.05
d061030d-8205-40f5-a489-0fd1e162be44,07c4c194-89f3-4dab-859f-15ef12f0966f,2023-05-04,66996.61
de6022f1-5983-4b02-a696-539329c4b77e,07c4c194-89f3-4dab-859f-15ef12f0966f,2023-08-25,64861.36
ae4d23c4-6f37-4375-b9c1-3d3222dd5557,07c4c194-89f3-4dab-859f-15ef12f0966f,2023-09-27,69297.33
692558ac-3262-4de2-a54b-83cbe7ceec9f,0bea1cff-3ac4-4847-8db8-ec7140411db2,2024-07-12,82068.34
fd163c90-48bd-4ff0-a3f8-56b8fc581257,0bea1cff-3ac4-4847-8db8-ec7140411db2,2024-07-30,81967.25
090c9947-5e31-4ef7-8bc3-a956d91c82e4,0bea1cff-3ac4-4847-8db8-ec7140411db2,2024-11-04,84171.27
a18ff361-6614-481e-9371-ce87a136d4f9,0bea1cff-3ac4-4847-8db8-ec7140411db2,2025-03-26,90158.82
ef20586a-3a3b-47a0-8288-2aaa15bf63d6,0bea1cff-3ac4-4847-8db8-ec7140411db2,2025-06-27,95400.88
4d95daab-153e-4794-8264-57428969ddf6,0bea1cff-3ac4-4847-8db8-ec7140411db2,2025-12-28,112791.38
5a8352c5-3ee3-4bfd-bfb4-4318d0bd92c5,0bea1cff-3ac4-4847-8db8-ec7140411db2,2026-01-20,116984.87
51243334-9006-4ccc-b12d-8f43c87b4562,602834e9-47bd-4105-a872-92c3b0461847,2016-10-29,84181.53
f120d2a6-168c-4e5f-91c6-8ed2115f08cf,602834e9-47bd-4105-a872-92c3b0461847,2017-02-12,82477.57
0ba5d597-bb0c-4835-85b5-efe3f157ee7e,602834e9-47bd-4105-a872-92c3b0461847,2017-10-29,85020.8
f2d0a6ca-6fcf-4e28-bb38-466e5da738d3,602834e9-47bd-4105-a872-92c3b0461847,2018-09-01,98909.23
6df76960-8e48-4ce7-9295-542eb62f7f88,602834e9-47bd-4105-a872-92c3b0461847,2018-12-01,94889.33
1958f40b-75ab-42ba-87fb-f1560a67f75b,602834e9-47bd-4105-a872-92c3b0461847,2019-01-29,97456.73
5f4dbd57-853b-411f-9ae2-21d7bc9a4061,602834e9-47bd-4105-a872-92c3b0461847,2019-04-04,102451.47
740d8bc1-7757-4609-bed3-8c397a70dffa,602834e9-47bd-4105-a872-92c3b0461847,2019-04-20,98592.51
c3044ba4-a106-4e4d-8c9c-558ab7e34dd6,602834e9-47bd-4105-a872-92c3b0461847,2019-09-08,97363.45
a6088479-51cc-497e-b798-643543034383,602834e9-47bd-4105-a872-92c3b0461847,2020-05-16,102837.54
a3310bc8-c762-4074-84fb-f5c6d3248f50,602834e9-47bd-4105-a872-92c3b0461847,2020-07-08,107847.47
a0b68592-a1cd-42f0-a5d0-bd22e6df8756,602834e9-47bd-4105-a872-92c3b0461847,2020-10-01,108809.16
d9026111-d362-4342-b3f6-c6c421efbf16,43b10b0b-ec48-4526-b191-a9da37f4159d,2020-10-09,57579.49
f1606b3b-a34b-47f6-864d-63c7125ec01e,602834e9-47bd-4105-a872-92c3b0461847,2020-10-09,109364.71
b5e21289-3620-42d8-b66b-173619b6aa20,43b10b0b-ec48-4526-b191-a9da37f4159d,2021-03-18,66785.16
674faa30-df22-4bf7-a9b5-882c34449ce1,602834e9-47bd-4105-a872-92c3b0461847,2021-03-18,111400.65
e0e4549e-0b8a-4e21-88ca-9d6cf8a8d2c3,43b10b0b-ec48-4526-b191-a9da37f4159d,2021-07-03,67922.56
6b9bc4d8-f204-4a1e-945d-26c6f9ba5921,602834e9-47bd-4105-a872-92c3b0461847,2021-07-03,120614.27
49fcb722-2d9a-433a-bb7c-7a0bd74b341a,43b10b0b-ec48-4526-b191-a9da37f4159d,2021-09-27,74694.07
f02b259a-96ca-43a1-b4f3-c686ea917990,602834e9-47bd-4105-a872-92c3b0461847,2021-09-27,113813.1
22f17486-062f-4f8e-a766-1880f0c497df,43b10b0b-ec48-4526-b191-a9da37f4159d,2022-05-30,80574.26
dd4a712a-f929-4eaa-8c69-69a9a38e1234,602834e9-47bd-4105-a872-92c3b0461847,2022-05-30,130357.38
9d802a49-b39c-4d0c-b8d6-7b82cb2eb531,43b10b0b-ec48-4526-b191-a9da37f4159d,2022-06-15,77078.74
24427c91-ef91-4f4a-afe6-bd59a0cdf234,602834e9-47bd-4105-a872-92c3b0461847,2022-06-15,120046.45
34ea0084-b58f-4d61-9347-0972ae8cdd9e,43b10b0b-ec48-4526-b191-a9da37f4159d,2022-08-27,80999.42
fca97e88-3142-4a0c-b686-2f71cdb9266d,602834e9-47bd-4105-a872-92c3b0461847,2022-08-27,128763.54
1790bd92-94a7-4214-9cae-bf5079007b11,602834e9-47bd-4105-a872-92c3b0461847,2022-09-29,123965.1
ed6d227e-a24d-4233-a5ea-f2a506de3ec2,602834e9-47bd-4105-a872-92c3b0461847,2023-01-10,131823.97
3d98738a-da08-496d-9335-0234658cc3a8,34f58ab9-d5b1-4b1e-8e0d-1c4b8c7ea55d,2023-09-24,80680.9
2f98419d-851f-48cb-851e-f301aaa379a8,34f58ab9-d5b1-4b1e-8e0d-1c4b8c7ea55d,2024-03-20,87420.27
27272723-8527-4f1a-85c2-958a682706c0,34f58ab9-d5b1-4b1e-8e0d-1c4b8c7ea55d,2024-07-03,85770.95
60303353-af8d-4d64-9121-08caa0a39a4c,34f58ab9-d5b1-4b1e-8e0d-1c4b8c7ea55d,2024-07-10,82120.8
5fa1b8c3-2c63-4783-a9f4-a9156b6201a8,9b50d8cd-cb61-4028-bbe5-555aced7f1f2,2025-02-17,81593.88
b842a712-3345-4061-b2e9-1b71a5058ed4,9b50d8cd-cb61-4028-bbe5-555aced7f1f2,2025-06-01,81604.14
36953104-3ca2-4945-9471-094f0f2c1c36,9b50d8cd-cb61-4028-bbe5-555aced7f1f2,2025-09-14,87136.85
27dc7c3c-f117-452f-963b-4f6edcb37f05,9b50d8cd-cb61-4028-bbe5-555aced7f1f2,2025-09-23,88482.6
c31b954c-8846-4566-b334-de046b070191,5d7c7076-2b59-4484-aedb-c916310aaa88,2018-11-03,20820.86
1a57cc93-09a6-4299-9989-41690d1d949f,5d7c7076-2b59-4484-aedb-c916310aaa88,2019-07-28,23169.02
5c8f28b1-c98e-4604-bdf3-7d1128217bf2,d6807e45-708d-424f-bfe8-d633320afd68,2019-11-29,35720.97
e80b7958-d0f8-4c49-adcd-156d521dd4e4,5d7c7076-2b59-4484-aedb-c916310aaa88,2019-11-29,23095.88
fef69341-6eb1-4ca3-b00f-1b6c80b954f1,d6807e45-708d-424f-bfe8-d633320afd68,2020-01-27,38085.7
f579167a-a266-4dce-830a-149a9d16dc44,5d7c7076-2b59-4484-aedb-c916310aaa88,2020-01-27,22944.77
8b3a551a-e1d4-4cb2-91a7-34dc6518f113,d6807e45-708d-424f-bfe8-d633320afd68,2020-08-14,39623.5
d35f75c9-0b2e-4779-87a8-7a87b034e94f,5d7c7076-2b59-4484-aedb-c916310aaa88,2020-08-14,25172.57
55f36bda-a71f-49f4-b506-6f974122ca13,d6807e45-708d-424f-bfe8-d633320afd68,2020-10-18,38979.02
a31e8ab1-ccac-42a5-8061-6d6d0cc6ff89,5d7c7076-2b59-4484-aedb-c916310aaa88,2020-10-18,25762.61
d9eeaee4-57e0-40ff-847c-714680551e2d,d6807e45-708d-424f-bfe8-d633320afd68,2021-07-14,42222.25
ee8f4f4b-de81-43c3-bedd-52fbb81926c0,5d7c7076-2b59-4484-aedb-c916310aaa88,2021-07-14,27070.78
d15c2006-e1b1-4a24-8425-8dd460c54077,d6807e45-708d-424f-bfe8-d633320afd68,2022-02-02,41461.02
55f37963-5864-4865-bb6f-5ac3eaf2bf01,5d7c7076-2b59-4484-aedb-c916310aaa88,2022-02-02,28004.14
00648608-59a3-4033-91f0-9e06a8bbadc1,d6807e45-708d-424f-bfe8-d633320afd68,2022-09-29,45792.99
e87cc7b4-122a-45e6-a207-9ce1241d26d6,5d7c7076-2b59-4484-aedb-c916310aaa88,2022-09-29,29365.18
65a39d25-8261-4151-86b0-037177809ee4,d6807e45-708d-424f-bfe8-d633320afd68,2023-06-05,49429.46
4e2b9b3e-a475-4f6b-94ae-18bbac956fd1,5d7c7076-2b59-4484-aedb-c916310aaa88,2023-06-05,30965.03
514c0b1f-41fc-4d85-a15c-e48f7ec96c6f,d6807e45-708d-424f-bfe8-d633320afd68,2023-08-12,48322.82
31031de4-c8dc-4b16-b12d-13c4db36ee9d,5d7c7076-2b59-4484-aedb-c916310aaa88,2023-08-12,33210.19
f7cfb70c-4902-4697-b4fb-2f3977dd36c8,d6807e45-708d-424f-bfe8-d633320afd68,2024-01-05,50618.61
529b2690-9d7f-453a-977a-a4aaf5cb7c26,aacdc9d4-0efd-44af-a24a-aebeda04eb65,2025-05-05,32313.52
0844e565-2c66-42fa-ae1e-61427377780b,aacdc9d4-0efd-44af-a24a-aebeda04eb65,2025-11-09,31960.4
c429c13e-eacf-4032-b2e9-41479ae63935,650be3e3-5b0f-4fa0-8d9d-55e39143bc90,2016-08-22,62478.14
13ae3c47-4a53-443d-bd2e-07c92482dc95,650be3e3-5b0f-4fa0-8d9d-55e39143bc90,2017-03-29,67813.22
4c5785dd-0dcc-42cf-b521-1fc454907003,650be3e3-5b0f-4fa0-8d9d-55e39143bc90,2017-07-11,68646.64
888cacd6-76e5-4d45-a4b9-8f90cf68d1da,650be3e3-5b0f-4fa0-8d9d-55e39143bc90,2018-05-20,74052.38
1ffee33e-289d-4632-8084-d61dfb15b92c,650be3e3-5b0f-4fa0-8d9d-55e39143bc90,2018-08-28,73251.6
b9cd3aef-f803-4a30-8a60-15412ead0476,650be3e3-5b0f-4fa0-8d9d-55e39143bc90,2018-09-29,81141.4
86968221-a4e0-41e4-8262-025a2b39fb58,650be3e3-5b0f-4fa0-8d9d-55e39143bc90,2019-03-17,77909.6
3137d9c3-ba9b-49c6-8ddd-de62028d34ae,650be3e3-5b0f-4fa0-8d9d-55e39143bc90,2019-12-29,86579.39
347d3754-3d39-4b3b-8b3c-6d6df847c9e2,650be3e3-5b0f-4fa0-8d9d-55e39143bc90,2020-05-03,95555.96
6cdac6d8-9090-4531-8359-67ce4bcb05d5,80e5b224-bfe3-4e2d-8399-b5ebb42db44a,2020-05-03,72542.73
da9df1e3-a3e2-4107-94ed-12d99f1b9e0f,650be3e3-5b0f-4fa0-8d9d-55e39143bc90,2020-08-24,97502.38
4505ab70-6029-4896-9d2d-34a64efd6901,80e5b224-bfe3-4e2d-8399-b5ebb42db44a,2020-08-24,79417.78
3504d73f-048c-425f-87ea-c466268425b6,650be3e3-5b0f-4fa0-8d9d-55e39143bc90,2020-10-22,91223.12
0c78bd23-0c0b-4223-ba53-e21df09326dd,80e5b224-bfe3-4e2d-8399-b5ebb42db44a,2020-10-22,85245.04
744f7521-dd77-484a-8479-b2d38e2677c2,80e5b224-bfe3-4e2d-8399-b5ebb42db44a,2021-02-08,85648.58
3131d6ec-a402-4db4-8bc2-b0dfebe4064e,79098908-f1cf-4507-80c0-7276d894be4d,2025-10-05,4357.29
46f0f750-4503-49b3-8fbd-e626b23bf0f5,12a506f4-47d3-467c-a45b-c370acf207c9,2025-10-09,4742.86
7e7d4106-e0c2-437a-a10f-3327845deb99,79098908-f1cf-4507-80c0-7276d894be4d,2025-10-09,4681.16
4bf7e794-db23-442e-97c8-e473b45f4a30,12a506f4-47d3-467c-a45b-c370acf207c9,2025-10-17,4680.79
bda505d6-99d6-49e9-9571-3950dbba8230,79098908-f1cf-4507-80c0-7276d894be4d,2025-10-17,4286.74
cfb0cae4-d619-486b-8840-fe11db011391,12a506f4-47d3-467c-a45b-c370acf207c9,2025-11-02,4731.43
635de970-6fde-4cdd-8838-53396cf3839e,79098908-f1cf-4507-80c0-7276d894be4d,2025-11-02,4404.57
5f287852-a91c-4a53-8060-92db512b51ec,12a506f4-47d3-467c-a45b-c370acf207c9,2025-12-26,4833.1
998a0e4e-9241-4aa7-aaed-83a367c417b8,79098908-f1cf-4507-80c0-7276d894be4d,2025-12-26,4461.06
3d6cd2a3-6497-438b-aa59-79830bc37470,12a506f4-47d3-467c-a45b-c370acf207c9,2026-02-28,5065.98
d5e44c45-3713-464b-a24e-1d335ed92c55,79098908-f1cf-4507-80c0-7276d894be4d,2026-02-28,4553.56
b85424fe-975c-4e2e-8367-e3214d0d3e0e,7244d10c-6635-4e8c-b3ee-b57525d0ec94,2018-11-29,4026.01
54b10a52-998c-4e5f-a03e-0ce1eb2b329e,7244d10c-6635-4e8c-b3ee-b57525d0ec94,2019-01-23,3916.68
a8cb414b-01f7-4dd8-b99a-c063d248c0f2,7244d10c-6635-4e8c-b3ee-b57525d0ec94,2019-07-31,4465.75
3b62c887-9996-424d-8344-1c73794aa094,c344a39a-d29e-41bc-9957-1fc4c5aac0c1,2019-07-31,6498.78
c0414938-7c21-4940-9bfd-95ac4a71c1d1,7244d10c-6635-4e8c-b3ee-b57525d0ec94,2020-01-03,4875.74
5912e631-cf5c-4167-9ad0-a0f292742549,c344a39a-d29e-41bc-9957-1fc4c5aac0c1,2020-01-03,7290.37
7c9198e6-4508-4989-b112-641b6e749f8b,7244d10c-6635-4e8c-b3ee-b57525d0ec94,2020-05-07,5796.52
990e7317-f95f-4675-8b54-f3ad3e26496a,c344a39a-d29e-41bc-9957-1fc4c5aac0c1,2020-05-07,8114.64
fc21459d-9542-45dd-87de-69635463ea76,7244d10c-6635-4e8c-b3ee-b57525d0ec94,2020-08-31,5878.13
c71d2215-1f44-4e5b-bbe4-06bfa31ebbcd,c344a39a-d29e-41bc-9957-1fc4c5aac0c1,2020-08-31,8239.52
d707cd48-9f09-4cad-904f-13c3f5d492d6,7244d10c-6635-4e8c-b3ee-b57525d0ec94,2020-11-30,6458.39
cc0aa1ee-ff26-4089-8bb5-38df5cad85a3,7244d10c-6635-4e8c-b3ee-b57525d0ec94,2021-04-20,6995.78
3ea69b40-f464-4c32-950e-a15fda223fc9,0aca00f5-1a15-4f67-bd73-9fe7b3c9964a,2021-04-20,5580.09
699305fc-88d2-4f96-9f4d-d3c1082e094a,603ec92f-fa2a-418e-8963-fee6dd02a6c8,2021-07-23,2900.01
c99b3ae7-b29b-4708-a4f8-d40f5fa170da,7244d10c-6635-4e8c-b3ee-b57525d0ec94,2021-07-23,7231.53
c0ff7552-5a57-4cfa-b85e-f8c2c9c22e9f,0aca00f5-1a15-4f67-bd73-9fe7b3c9964a,2021-07-23,6120.32
5c109ca2-757d-4088-b5b4-a4e2a6082f92,603ec92f-fa2a-418e-8963-fee6dd02a6c8,2021-08-29,3137.38
442c6966-77bc-40eb-8535-a64bc65f2961,7244d10c-6635-4e8c-b3ee-b57525d0ec94,2021-08-29,7536.22
2ee46496-09a1-49f2-8abd-5c5d420a6e41,0aca00f5-1a15-4f67-bd73-9fe7b3c9964a,2021-08-29,6144.96
aad67b69-7ff5-43d7-af2d-0703739fe780,603ec92f-fa2a-418e-8963-fee6dd02a6c8,2022-05-22,3984.6
41a407f7-d979-4360-b881-f799f2d480f6,7244d10c-6635-4e8c-b3ee-b57525d0ec94,2022-05-22,8469.71
7c9be7b1-8ee3-4a39-89af-cc21bdd61188,0aca00f5-1a15-4f67-bd73-9fe7b3c9964a,2022-05-22,6451.63
0b03b93b-ef58-434e-b60a-3f73d992b7b4,603ec92f-fa2a-418e-8963-fee6dd02a6c8,2022-07-12,4046.83
d310d853-1cf1-42c4-bf36-f42334090075,7244d10c-6635-4e8c-b3ee-b57525d0ec94,2022-07-12,8973.08
f76f4f03-449b-4297-b6b3-da17b15d316b,0aca00f5-1a15-4f67-bd73-9fe7b3c9964a,2022-07-12,6853.81
0e4b7a98-f159-40ae-b210-a655f1b879b5,603ec92f-fa2a-418e-8963-fee6dd02a6c8,2022-09-02,4075.31
dff95fce-a04e-4de4-a7f1-7d8c8b7c3c87,7244d10c-6635-4e8c-b3ee-b57525d0ec94,2022-09-02,9084.51
d0838994-4c06-47ca-945c-9d9240a7104c,0aca00f5-1a15-4f67-bd73-9fe7b3c9964a,2022-09-02,7187.89
0b3ad232-3e85-4dfe-8402-7f02062ff761,603ec92f-fa2a-418e-8963-fee6dd02a6c8,2023-07-01,5564.16
fc29db6e-9407-45a4-857e-2f54a3f60332,7244d10c-6635-4e8c-b3ee-b57525d0ec94,2023-07-01,10332.87
964b8533-ba84-44fe-87f7-d1b49804b1e4,0aca00f5-1a15-4f67-bd73-9fe7b3c9964a,2023-07-01,7736.55
9bc16d7e-b397-4137-bbd6-e7bb3389d69a,603ec92f-fa2a-418e-8963-fee6dd02a6c8,2023-12-26,6153.33
b47496f5-5e84-4bec-b659-dd06efadb486,7244d10c-6635-4e8c-b3ee-b57525d0ec94,2023-12-26,11444.99
dd3d5e64-94ce-4a11-9fb8-8a5b8aa34ec9,0aca00f5-1a15-4f67-bd73-9fe7b3c9964a,2023-12-26,8412.0
65ea5aa9-ac29-42e5-ab91-c1b25d54b293,603ec92f-fa2a-418e-8963-fee6dd02a6c8,2024-06-12,6602.53
1e2fda18-f134-4ce2-9495-6ccb032421e5,7244d10c-6635-4e8c-b3ee-b57525d0ec94,2024-06-12,11592.33
574e46c5-f876-49e0-b64f-1288636274d2,0aca00f5-1a15-4f67-bd73-9fe7b3c9964a,2024-06-12,8568.35
8ce220fc-46a2-427a-b87f-298c25a1ee23,603ec92f-fa2a-418e-8963-fee6dd02a6c8,2024-07-25,6804.73
847c6bdf-c453-486b-9a93-afd1de346f7b,7244d10c-6635-4e8c-b3ee-b57525d0ec94,2024-07-25,11899.61
2ae75b08-6e89-4345-8da3-fd8873e04802,0aca00f5-1a15-4f67-bd73-9fe7b3c9964a,2024-07-25,8963.22
5eb6695e-68dc-4772-857a-a5f2519dea9e,603ec92f-fa2a-418e-8963-fee6dd02a6c8,2024-12-20,7247.45
43274964-27a6-4525-b110-0d121dc4c6b5,7244d10c-6635-4e8c-b3ee-b57525d0ec94,2024-12-20,13240.45
913da175-24a4-4644-a458-a84b920dc133,0aca00f5-1a15-4f67-bd73-9fe7b3c9964a,2024-12-20,9015.7
6bc3474f-980b-4951-8302-7e822f879250,603ec92f-fa2a-418e-8963-fee6dd02a6c8,2025-02-01,7487.99
5141bfb9-ec9c-4f30-9435-dc54979d10e0,7244d10c-6635-4e8c-b3ee-b57525d0ec94,2025-02-01,13061.84
0c66acc1-fd57-4c41-b69c-aac45501aeca,0aca00f5-1a15-4f67-bd73-9fe7b3c9964a,2025-02-01,9899.34
0f378e14-2081-49da-bfb1-246d992573e3,603ec92f-fa2a-418e-8963-fee6dd02a6c8,2025-03-07,8270.5
a9815b72-7efe-4607-900d-a065ef2e07ce,7244d10c-6635-4e8c-b3ee-b57525d0ec94,2025-03-07,13462.27
c09305fe-a7e5-4dae-a2ab-3195dcdd50fb,c3cdfff1-9db1-4932-891d-98d2477b455f,2025-03-07,3727.81
2bd7eea5-d951-4e7c-8d9b-f10d271de097,0aca00f5-1a15-4f67-bd73-9fe7b3c9964a,2025-03-07,9609.95
5fc69c14-0daa-400f-a9ef-565148abecc2,603ec92f-fa2a-418e-8963-fee6dd02a6c8,2025-05-16,8633.85
48941a5f-03b2-4bed-984a-19c10821e656,7244d10c-6635-4e8c-b3ee-b57525d0ec94,2025-05-16,13525.05
820545e7-08ed-44a8-9583-304f9d7d1ef5,c3cdfff1-9db1-4932-891d-98d2477b455f,2025-05-16,3968.43
64666e7d-ada9-4435-80b3-1fc3a078495c,0aca00f5-1a15-4f67-bd73-9fe7b3c9964a,2025-05-16,9475.77
fa5f09da-9ae4-485f-a149-2a6f2fedf4bd,55fa13cc-e26f-4169-9b6e-b2da01ddd1f7,2019-07-01,18914.32
db81ab0c-39ff-4b58-985c-a2d947ea4021,55fa13cc-e26f-4169-9b6e-b2da01ddd1f7,2020-03-25,20485.6
a37b5847-6968-4f16-b2ee-40c374b20803,55fa13cc-e26f-4169-9b6e-b2da01ddd1f7,2020-12-08,23832.24
050def03-eadb-49e9-8092-854b384abd24,55fa13cc-e26f-4169-9b6e-b2da01ddd1f7,2021-02-10,23958.48
d6c49ccd-78bf-43f6-9950-50d9cdc08c83,714e0181-6d58-4843-88ce-c1602d43aaa8,2023-09-28,27504.02
e8c8bbf4-0e1c-4018-99f6-806d2bc1105e,714e0181-6d58-4843-88ce-c1602d43aaa8,2023-11-27,30829.05
889fa569-cd98-4c4b-9235-e1835fb3d6e7,714e0181-6d58-4843-88ce-c1602d43aaa8,2024-07-22,32837.33
4f0f04c6-b5d5-4b30-b090-d22e4540a9f5,714e0181-6d58-4843-88ce-c1602d43aaa8,2024-12-12,36193.56
9ac9ab45-f545-461a-9c35-51f617c385d9,714e0181-6d58-4843-88ce-c1602d43aaa8,2025-04-05,40047.5
edf0514f-33a3-474e-8981-5a5da1878e1d,714e0181-6d58-4843-88ce-c1602d43aaa8,2025-10-05,40773.36
b3d21db3-b2ca-488f-9969-4871cf946a36,1c710c46-f654-4f46-81dd-dcf44ca70734,2018-05-21,37103.01
5fe2bcc2-4d9a-476b-9ebc-2796d134775f,1c710c46-f654-4f46-81dd-dcf44ca70734,2019-02-11,42533.65
40781616-3b63-4323-a197-7794382db9d0,1c710c46-f654-4f46-81dd-dcf44ca70734,2020-01-31,43498.55
9030e76e-c494-433c-8db7-ca2b4e899418,1c710c46-f654-4f46-81dd-dcf44ca70734,2020-04-28,44573.65
aa433727-4bfd-4af5-9bce-e531e5614931,0524ef36-d642-4765-a915-d5f9dd078e74,2020-05-10,26614.87
639b2af7-04e2-4c66-8f4e-e51b90dfa582,0524ef36-d642-4765-a915-d5f9dd078e74,2020-12-13,34067.4
ad78c3c7-aa1d-41d2-b053-17b5f151c1cc,0524ef36-d642-4765-a915-d5f9dd078e74,2021-03-26,38144.94
5f197224-4fff-478e-ace4-ae44f9a474a0,0524ef36-d642-4765-a915-d5f9dd078e74,2021-11-24,48549.6
8675ea2a-cd40-4210-a54c-12bdc97e9167,0524ef36-d642-4765-a915-d5f9dd078e74,2022-10-17,61636.02
9eee2904-c085-4d04-a8d1-f3e67a9b88bd,0524ef36-d642-4765-a915-d5f9dd078e74,2023-01-28,66986.95
dfe74d42-0f9f-42ec-ae2f-99c66360cf70,0524ef36-d642-4765-a915-d5f9dd078e74,2023-06-27,73987.33
eaca3da8-a7ea-4adb-8321-491324628d69,0524ef36-d642-4765-a915-d5f9dd078e74,2023-10-13,74967.5
75cd80f9-db57-43f3-8692-597fa3700dde,0524ef36-d642-4765-a915-d5f9dd078e74,2024-01-13,80516.6
513572ff-b518-4760-8611-25eb8b8abc4a,0524ef36-d642-4765-a915-d5f9dd078e74,2024-05-15,85139.98
c6a13d3b-786c-47ce-8be6-bfddae78169c,490865fc-90b8-4a1b-a2fb-141228d2f8fa,2018-03-12,5036.49
fe749496-7ff2-458f-b3fc-fbade5adc665,490865fc-90b8-4a1b-a2fb-141228d2f8fa,2019-01-24,5438.15
3c4052ba-d7ec-45c1-b74f-4d88ab930bf4,490865fc-90b8-4a1b-a2fb-141228d2f8fa,2020-01-15,6439.94
5f457537-7d1b-4076-bd8e-80acb29e74e8,490865fc-90b8-4a1b-a2fb-141228d2f8fa,2020-12-29,6948.09
7a013458-a75a-4110-8ea6-0e27c12e07b3,39c37a85-c56d-4f3b-abdd-0c2edff2e369,2021-05-22,1803.44
e13c70b8-ba8a-4a3c-9b4c-53aeaf693304,490865fc-90b8-4a1b-a2fb-141228d2f8fa,2021-05-22,7443.51
963099a0-2dd5-4747-8680-85eabf1bde98,39c37a85-c56d-4f3b-abdd-0c2edff2e369,2021-07-02,1913.35
3f9898aa-a114-4ffe-b8c9-cfb08a5b2cfd,490865fc-90b8-4a1b-a2fb-141228d2f8fa,2021-07-02,7853.82
80075216-a8d1-4cda-9578-bf4232e87b00,490865fc-90b8-4a1b-a2fb-141228d2f8fa,2021-09-05,8024.14
2b77546f-9bae-42d2-a472-94db92efba4b,490865fc-90b8-4a1b-a2fb-141228d2f8fa,2022-04-12,8070.53
e1d4f6f3-3311-4bcc-b728-c81eca57747d,490865fc-90b8-4a1b-a2fb-141228d2f8fa,2023-01-23,9073.85
1db696aa-b29f-41b0-83c1-a8bb78363e0c,490865fc-90b8-4a1b-a2fb-141228d2f8fa,2023-05-20,9930.76
4c106385-0493-43de-835d-14c84b2a9148,490865fc-90b8-4a1b-a2fb-141228d2f8fa,2023-10-01,9911.76
b3af988b-a6d9-44b6-9c35-f69411ddbbdd,fb59a965-315f-4038-87c3-24bea1f8d91d,2024-03-30,2131.96
8b92f345-c63a-49a3-a3b1-481796726be4,490865fc-90b8-4a1b-a2fb-141228d2f8fa,2024-03-30,10910.74
0dbf7dae-bca7-49c0-9f50-126aea05355d,fb59a965-315f-4038-87c3-24bea1f8d91d,2024-04-26,2223.51
c7cb72f2-110b-4275-94b4-6a6d149b702d,490865fc-90b8-4a1b-a2fb-141228d2f8fa,2024-04-26,10925.99
1e4cefc8-c19d-4a20-9ec5-d66363b26173,fb59a965-315f-4038-87c3-24bea1f8d91d,2024-08-02,2353.71
84e76cba-9526-4982-a4a2-512b2b80da3b,490865fc-90b8-4a1b-a2fb-141228d2f8fa,2024-08-02,11295.3
751c8ae8-9544-403a-b509-e0eada6b783a,fb59a965-315f-4038-87c3-24bea1f8d91d,2025-03-29,2464.05
2443f24b-71b6-4658-82b6-ac6791b846fe,fb59a965-315f-4038-87c3-24bea1f8d91d,2026-01-14,2650.05
895671c4-1ed0-4dc5-9529-292364726b72,fb59a965-315f-4038-87c3-24bea1f8d91d,2026-02-26,2691.55
96a1710b-d06a-4e7a-8ff6-41876cc53807,42bb0625-94a2-4069-bb91-bee9311f2a1a,2017-06-09,3052.05
67b163ff-580e-4a29-8566-2762fd8146bd,42bb0625-94a2-4069-bb91-bee9311f2a1a,2017-11-10,3090.22
7e991ccb-5b05-4c00-a0d0-89d74d5bf0ed,42bb0625-94a2-4069-bb91-bee9311f2a1a,2018-05-03,3253.35
e4c2501e-d9e0-4160-b5c2-4973273eaccc,42bb0625-94a2-4069-bb91-bee9311f2a1a,2018-10-29,3457.74
dca35d17-253b-40b3-b917-64644747c6d5,42bb0625-94a2-4069-bb91-bee9311f2a1a,2019-08-13,3848.84
5167ca0f-ad8f-4a32-abaa-0c7b76815007,42bb0625-94a2-4069-bb91-bee9311f2a1a,2019-08-17,3688.11
6b11ce60-9dab-4ede-a39d-9e8600940127,42bb0625-94a2-4069-bb91-bee9311f2a1a,2020-03-16,4152.8
7f839d42-71b4-42ad-a449-ad4aeca023cb,384b40ef-8e95-45c0-86e1-a078187ef8bd,2020-08-23,2694.99
1383eae9-fc58-4c3e-a5a3-953321ca7d3d,42bb0625-94a2-4069-bb91-bee9311f2a1a,2020-08-23,4297.92
d0ee2c66-72df-4741-b2a9-2132ecefa15c,384b40ef-8e95-45c0-86e1-a078187ef8bd,2020-12-01,2883.6
48375e16-efe9-49c4-a0e4-9b7281aba7d4,42bb0625-94a2-4069-bb91-bee9311f2a1a,2020-12-01,4461.07
004954c0-ca6e-4edb-896f-4e6153d5fe84,384b40ef-8e95-45c0-86e1-a078187ef8bd,2021-01-03,2998.22
fa9fd934-6fe7-4c00-ae60-f912e459449e,42bb0625-94a2-4069-bb91-bee9311f2a1a,2021-01-03,4512.27
5d525fca-e0f5-42b6-8ca7-b1629b389915,384b40ef-8e95-45c0-86e1-a078187ef8bd,2021-01-31,2881.82
e3013b1d-9992-42cd-9c1e-a7c3a78c5c79,42bb0625-94a2-4069-bb91-bee9311f2a1a,2021-01-31,4469.63
2b88f04d-4ce3-4f96-835f-5a067d5942aa,384b40ef-8e95-45c0-86e1-a078187ef8bd,2021-04-22,3059.6
59057033-7bc8-4006-a578-5011217dd4f0,42bb0625-94a2-4069-bb91-bee9311f2a1a,2021-04-22,4393.78
809c3041-1e82-4ca1-b122-ab7720fb5adc,384b40ef-8e95-45c0-86e1-a078187ef8bd,2021-07-10,3420.69
2a2ac5ec-b6c7-4698-8cc7-6e530f8cff3d,384b40ef-8e95-45c0-86e1-a078187ef8bd,2022-03-10,3798.96
64263e10-94bb-4491-bf78-99c2a47b1f1c,384b40ef-8e95-45c0-86e1-a078187ef8bd,2022-07-14,3991.69
4df98878-9f8a-4e65-adc8-0863cf50a046,384b40ef-8e95-45c0-86e1-a078187ef8bd,2022-09-05,4157.34
ce8da4df-8f59-4425-bd33-36f0798b78f2,2a92db7b-7f16-49e8-b92a-a0f3be9b0481,2022-09-05,1354.21
986501e7-6cc3-4790-94a5-0617a4efcca1,384b40ef-8e95-45c0-86e1-a078187ef8bd,2022-10-13,4124.1
f63f4d8d-a32c-47ed-869f-05da48d14b83,2a92db7b-7f16-49e8-b92a-a0f3be9b0481,2022-10-13,1495.69
a03479c9-e423-4825-94f5-62a171cf846f,384b40ef-8e95-45c0-86e1-a078187ef8bd,2023-02-11,4418.56
91c94c28-6adf-4128-9e66-bbc8ed10b143,2a92db7b-7f16-49e8-b92a-a0f3be9b0481,2023-02-11,1432.73
28bae69a-e29e-464d-b1fd-1c2b39d7c3de,384b40ef-8e95-45c0-86e1-a078187ef8bd,2023-05-15,4696.72
bdd008af-a499-45fe-bebc-1cadebf92a80,2a92db7b-7f16-49e8-b92a-a0f3be9b0481,2023-05-15,1521.25
8672a47b-21c0-4f1d-afca-0cf01f107523,384b40ef-8e95-45c0-86e1-a078187ef8bd,2023-06-12,4643.48
ccd62a5f-5abc-4f67-b883-0322d6d89ffb,2a92db7b-7f16-49e8-b92a-a0f3be9b0481,2023-06-12,1494.6
a454efb2-544b-46d5-a00b-e55c59753848,384b40ef-8e95-45c0-86e1-a078187ef8bd,2023-10-17,5017.82
22a73ee7-81c4-426d-9e9c-271e8587666d,2a92db7b-7f16-49e8-b92a-a0f3be9b0481,2023-10-17,1623.88
6dd381a5-c834-48ea-aa4d-f34ebf90dde2,384b40ef-8e95-45c0-86e1-a078187ef8bd,2024-04-30,5591.48
69840b09-8530-4a29-9d9c-36ba4a2b7fa7,2a92db7b-7f16-49e8-b92a-a0f3be9b0481,2024-04-30,1671.8
9316ca0b-6d02-4dc0-a6fe-de91239644cd,384b40ef-8e95-45c0-86e1-a078187ef8bd,2025-01-25,6092.77
e8dbbe65-bd39-4d72-9233-a4baed5cb4db,2a92db7b-7f16-49e8-b92a-a0f3be9b0481,2025-01-25,1715.79
e38e3635-a2d3-4f98-be92-2dd950469695,384b40ef-8e95-45c0-86e1-a078187ef8bd,2025-12-03,7601.86
f761d4de-3e49-4091-981d-2245c591fce3,2a92db7b-7f16-49e8-b92a-a0f3be9b0481,2025-12-03,1935.53
e86f9c65-1659-4c30-8ee4-e2d956aafce3,5ae1035d-a059-4a57-b269-a33661a8a0b0,2018-07-25,12151.81
ee7b07da-c1e0-4554-ade2-44574ca3dd2d,5ae1035d-a059-4a57-b269-a33661a8a0b0,2018-11-28,13951.75
1b4ecabb-2d9a-4a75-a6f5-6d8849969f64,5ae1035d-a059-4a57-b269-a33661a8a0b0,2019-06-28,14599.37
53ea1a1c-9e29-4335-98ee-50865f43c9a3,5ae1035d-a059-4a57-b269-a33661a8a0b0,2020-03-01,15786.73
800508d7-7fa7-4c52-bb0c-4f5e244352bf,5ae1035d-a059-4a57-b269-a33661a8a0b0,2020-11-14,15992.98
1bcbdf32-0a48-48b1-a3f9-cf85d2748c1b,5ae1035d-a059-4a57-b269-a33661a8a0b0,2021-02-18,17565.06
53f37279-513a-4c49-be70-e178fe473e49,d33aa5bf-7902-4e46-939f-4422580fdee4,2021-02-18,25926.25
bf20acc1-9d85-443a-bc8f-b105a353d22e,5ae1035d-a059-4a57-b269-a33661a8a0b0,2021-11-11,19436.88
bbb5eb51-a45f-4e4b-8a42-f2c12c53d99d,d33aa5bf-7902-4e46-939f-4422580fdee4,2021-11-11,28396.62
cc7d47f3-e37d-4775-ba3a-98c2e0f1116a,5ae1035d-a059-4a57-b269-a33661a8a0b0,2022-08-25,19731.86
c89e4d98-7b95-4550-b25a-85d341385870,d33aa5bf-7902-4e46-939f-4422580fdee4,2022-08-25,29112.48
0df0f55a-e011-4e5b-8683-4ef29548199d,5ae1035d-a059-4a57-b269-a33661a8a0b0,2023-05-04,21688.55
b78f2002-aa6c-4506-805f-64f228439a8f,d33aa5bf-7902-4e46-939f-4422580fdee4,2023-05-04,32975.52
65b7fca4-9564-4818-af47-137875720517,5ae1035d-a059-4a57-b269-a33661a8a0b0,2023-08-30,22938.54
481f931b-0954-4739-8ce0-3f74c0fb926b,d33aa5bf-7902-4e46-939f-4422580fdee4,2023-08-30,34135.89
b47852b2-2f81-460c-96c0-af5f643101a9,d33aa5bf-7902-4e46-939f-4422580fdee4,2024-01-07,32745.68
fe63b358-3db3-495e-8f3e-648c08337874,d33aa5bf-7902-4e46-939f-4422580fdee4,2024-08-21,34687.27
be3b19dc-9bce-496f-bbec-36fe218ac885,d33aa5bf-7902-4e46-939f-4422580fdee4,2025-04-09,39923.36
0b845caa-8ef5-445b-b743-0fc85db91d26,9d191cbf-87df-440b-a86c-47f162a0498a,2025-04-09,17173.12
be9b9093-013e-4bd5-8c0e-08f388f9344e,d33aa5bf-7902-4e46-939f-4422580fdee4,2025-06-12,39188.95
7a9bd558-f620-40e1-bf05-3797d1796bfe,9d191cbf-87df-440b-a86c-47f162a0498a,2025-06-12,16589.0
35d7cf1c-1662-4129-b94a-820547170e9f,d33aa5bf-7902-4e46-939f-4422580fdee4,2025-07-12,37667.26
659ed9c3-12e9-4f8b-9a6d-70dabe50bc21,9d191cbf-87df-440b-a86c-47f162a0498a,2025-07-12,17463.63
39c60047-edee-464f-bd13-cceac079def6,c987efad-45c1-4f27-aa49-892fe3ebfa9f,2025-07-12,29749.7
734a8fc1-354c-438d-b905-6c4c1490975e,d33aa5bf-7902-4e46-939f-4422580fdee4,2025-11-21,39028.58
1e08553d-d416-480f-86df-64a16ba39df7,9d191cbf-87df-440b-a86c-47f162a0498a,2025-11-21,18226.3
b8a15128-41ef-46f8-bf25-8680086f61a1,c987efad-45c1-4f27-aa49-892fe3ebfa9f,2025-11-21,30356.5
17277940-7879-4dce-ae75-0555155b8df8,d33aa5bf-7902-4e46-939f-4422580fdee4,2026-02-22,42769.4
99e02860-c668-40a5-957d-ba9d575fa5fb,9d191cbf-87df-440b-a86c-47f162a0498a,2026-02-22,18677.72
e7c42b4f-76f3-4db1-a023-1806a7c444cb,c987efad-45c1-4f27-aa49-892fe3ebfa9f,2026-02-22,31033.22
c00ed59c-f286-4b22-bfee-a50d8b535c15,ed91718a-c601-4e0b-a281-5209cbd2da5c,2016-05-11,39109.09
cd78a31a-8b7d-4fc8-8518-62a7218de248,ed91718a-c601-4e0b-a281-5209cbd2da5c,2017-03-09,46225.23
89f120b9-c0bf-44d8-b8ef-122caecf586f,6e585424-c055-4d6c-bad8-13cdc6918ad4,2018-01-20,68233.34
8e85ba01-04b5-4d2a-a260-09da10fed1d2,ed91718a-c601-4e0b-a281-5209cbd2da5c,2018-01-20,49280.83
56b5ba54-728c-4a3a-aff6-d5c87ab616ed,6e585424-c055-4d6c-bad8-13cdc6918ad4,2018-02-06,62960.88
41b93b18-523b-4e5b-ad0d-6de9f7e44281,ed91718a-c601-4e0b-a281-5209cbd2da5c,2018-02-06,52076.55
9742ecfe-0a1c-4093-8272-e58baec7c46b,6e585424-c055-4d6c-bad8-13cdc6918ad4,2019-01-28,72521.87
1d2dc1db-5dd4-4925-aa65-26dbd93a043e,ed91718a-c601-4e0b-a281-5209cbd2da5c,2019-01-28,59454.31
82485881-c3dd-4a58-979a-a80c37c2e5e3,6e585424-c055-4d6c-bad8-13cdc6918ad4,2019-12-19,72721.63
cca3328f-2a2b-4b33-baac-df9b57fc2c71,ed91718a-c601-4e0b-a281-5209cbd2da5c,2019-12-19,71049.52
63023b4b-3cfb-4486-a59a-7d45ad083d30,6e585424-c055-4d6c-bad8-13cdc6918ad4,2020-04-24,78304.66
abe11e7e-4709-4308-984a-29cc638a876b,ed91718a-c601-4e0b-a281-5209cbd2da5c,2020-04-24,69194.74
3d671764-883d-46a9-84e3-4fb7bf98e1dc,6e585424-c055-4d6c-bad8-13cdc6918ad4,2020-06-15,78598.45
dc0fd7c8-a9e5-4b80-ad35-0b24defe1dc2,ed91718a-c601-4e0b-a281-5209cbd2da5c,2020-06-15,70724.18
4f04380f-1038-436b-a0b9-d94b1b248e3f,6e585424-c055-4d6c-bad8-13cdc6918ad4,2020-08-14,82281.2
6e13d76d-2f9b-4ef2-8c90-5cd7c4116a7b,ed91718a-c601-4e0b-a281-5209cbd2da5c,2020-08-14,73448.09
8695fb28-21ac-465e-8e06-901a8a1a8361,ed91718a-c601-4e0b-a281-5209cbd2da5c,2021-02-11,75387.06
24be8bf2-5125-43b7-95e6-819ae3e744a0,ed91718a-c601-4e0b-a281-5209cbd2da5c,2021-05-15,78713.37
8eb1e17a-cb81-4318-9905-6f56ab87b0c1,ed91718a-c601-4e0b-a281-5209cbd2da5c,2022-05-13,90771.47
0e42568f-12e4-4df8-91b7-cc49541c59de,ed91718a-c601-4e0b-a281-5209cbd2da5c,2022-07-19,93134.93
875bd18d-ea67-475a-a38c-195fb3dbdaf3,e89e318b-0ba9-4805-9938-3f4dde6e283b,2024-02-11,49337.84
88eb4dca-d30d-43f6-9dec-51e3deb8c8a9,e89e318b-0ba9-4805-9938-3f4dde6e283b,2024-03-17,50348.72
deca4984-c9f1-4bb6-93a6-78d8ddc73838,e89e318b-0ba9-4805-9938-3f4dde6e283b,2024-09-03,48000.51
6c0ae948-3ffc-4f72-98fc-b5cc622da5e0,e89e318b-0ba9-4805-9938-3f4dde6e283b,2025-03-31,52729.6
c12f69b3-7413-493e-b5f5-173107bb495e,e89e318b-0ba9-4805-9938-3f4dde6e283b,2025-09-20,52475.93
21edbad6-c50d-4bb3-8375-fa0578ea253f,e89e318b-0ba9-4805-9938-3f4dde6e283b,2025-11-06,55453.69
13a5c95d-a2f7-44d9-b2bd-abe544c0f23f,e89e318b-0ba9-4805-9938-3f4dde6e283b,2025-12-02,57832.62
1212e3cf-2529-4ee4-888a-18c99c2544bd,d5b512e3-899d-4aec-b660-f43522ffe6ce,2022-06-13,6092.54
8f2925f4-639e-489a-8f65-117aad7074c0,d5b512e3-899d-4aec-b660-f43522ffe6ce,2022-10-16,6650.76
f57aeea0-544e-4d9e-910d-e64640d6edf7,86037e30-9744-4eed-be51-9ffc3944e2f5,2022-11-20,6183.43
5f7d6fdf-6782-4e80-9c1f-c4838523f7b1,d5b512e3-899d-4aec-b660-f43522ffe6ce,2022-11-20,6263.2
615690e2-c6d5-4060-926b-fac473f94b4c,86037e30-9744-4eed-be51-9ffc3944e2f5,2023-07-05,6136.4
c2d0db6e-5e33-497d-a9bf-14cb345f23c3,d5b512e3-899d-4aec-b660-f43522ffe6ce,2023-07-05,6678.02
157ccf70-41a4-4dad-be44-b2c420782188,c2b25da1-a05a-44cf-8787-036d46e9342d,2023-07-05,4411.27
cdad42e6-ebd4-4b05-a9dd-d1caf40ec6f7,86037e30-9744-4eed-be51-9ffc3944e2f5,2023-09-13,6109.79
399cd504-a86d-4f09-bac9-a750ec43e973,d5b512e3-899d-4aec-b660-f43522ffe6ce,2023-09-13,6917.96
ee63a712-1189-4974-8652-1bc5e8908415,c2b25da1-a05a-44cf-8787-036d46e9342d,2023-09-13,4573.72
de2e5e75-fd9c-4c55-9aba-29fdcba45a21,86037e30-9744-4eed-be51-9ffc3944e2f5,2023-10-12,6543.11
f1621b95-7ce5-47bb-aa7f-8b2549ee5d1f,d5b512e3-899d-4aec-b660-f43522ffe6ce,2023-10-12,6954.4
93859234-d813-42bd-b9b1-7c01da48f322,c2b25da1-a05a-44cf-8787-036d46e9342d,2023-10-12,4663.41
458e1fb7-ec1e-4f4b-beb8-fff5288e4a9d,86037e30-9744-4eed-be51-9ffc3944e2f5,2024-01-07,6380.26
f28323e6-2943-44b8-bb04-f4882a6acf5c,d5b512e3-899d-4aec-b660-f43522ffe6ce,2024-01-07,7169.03
4a602c0b-704d-4906-9d2e-f604aac326df,c2b25da1-a05a-44cf-8787-036d46e9342d,2024-01-07,4663.32
d180eb69-178d-469b-bd00-b783b6cc64f1,86037e30-9744-4eed-be51-9ffc3944e2f5,2024-07-17,6910.25
0eae111b-0207-4f02-acc8-3b47e54096b6,d5b512e3-899d-4aec-b660-f43522ffe6ce,2024-07-17,7649.7
3cac8730-4e13-4077-956e-7b40ac96f666,c2b25da1-a05a-44cf-8787-036d46e9342d,2024-07-17,5420.9
eba0e898-845b-49ca-bb04-6039b1c59d29,86037e30-9744-4eed-be51-9ffc3944e2f5,2025-05-04,6979.1
89418412-9f3d-4060-8ea1-f409517b07af,d5b512e3-899d-4aec-b660-f43522ffe6ce,2025-05-04,7744.46
2868a162-d7b3-4a3c-a762-e075dc4a5163,c2b25da1-a05a-44cf-8787-036d46e9342d,2025-05-04,5805.11
d9b43e04-73b0-49af-a916-3da03ccb4938,86037e30-9744-4eed-be51-9ffc3944e2f5,2025-08-21,7541.21
91c3764d-31f2-4ba2-84e7-ddf72c32b28b,d5b512e3-899d-4aec-b660-f43522ffe6ce,2025-08-21,7781.34
ad5f0308-25ce-4058-807d-4af8b673b383,c2b25da1-a05a-44cf-8787-036d46e9342d,2025-08-21,5917.88
782443b0-2d67-4258-b6c6-7a64f004fe03,86037e30-9744-4eed-be51-9ffc3944e2f5,2025-10-07,6935.91
18568e86-4bff-481f-af73-0ff46eb1c9e8,85654d63-ab22-41e9-8a8d-85bd312b0264,2025-10-07,4105.19
7f948861-1372-41bc-8dcf-63f43a6e2de7,d5b512e3-899d-4aec-b660-f43522ffe6ce,2025-10-07,8205.8
587a098c-ce8d-4c99-aa63-679e058dfa00,c2b25da1-a05a-44cf-8787-036d46e9342d,2025-10-07,5996.0
b1611d73-5597-4e89-9d81-edb782a89f24,0e614830-6673-4de8-80e1-f95075b1be36,2020-02-13,3426.29
c8a7bee2-568b-40ce-812c-298fd207f6f1,0e614830-6673-4de8-80e1-f95075b1be36,2020-12-21,3990.21
3c362b71-8715-459b-8101-fc179f10f45c,0e614830-6673-4de8-80e1-f95075b1be36,2021-08-13,4042.41
96acc98c-f719-46ff-bf8d-1e9cdeb2c3cc,0e614830-6673-4de8-80e1-f95075b1be36,2021-12-30,4412.27
904b2319-038d-4454-b732-1c923d5ec1ac,0e614830-6673-4de8-80e1-f95075b1be36,2022-08-17,4600.17
8319f084-724a-4ffe-bd78-0d2ec4cef552,0e614830-6673-4de8-80e1-f95075b1be36,2023-05-31,4984.38
1d656afa-3aa4-4ed6-bbf0-51d14fbce671,ff9abc84-82c8-467e-9ff4-1e73b27be838,2024-06-11,3140.47
b0ded8bf-c7a4-4d5e-ad7a-5f23a49ae6f2,ff9abc84-82c8-467e-9ff4-1e73b27be838,2024-11-06,3450.37
21204dc0-4e9c-44df-8348-55eeac54e4bd,ff9abc84-82c8-467e-9ff4-1e73b27be838,2025-05-20,3568.07
7f2010e0-180c-4fe4-83f2-26b03c950422,ff9abc84-82c8-467e-9ff4-1e73b27be838,2025-11-02,3833.41
8860cfdb-dd39-4036-b346-3ccb709d6133,b2711ac6-a551-44c7-a56a-fd81bd9a133d,2019-10-11,46411.62
52cc2c41-b570-45be-a648-d3a2ff77c76c,b2711ac6-a551-44c7-a56a-fd81bd9a133d,2020-03-22,50572.14
1dcc6a5e-9f87-433f-98dd-a3b8d854d368,b2711ac6-a551-44c7-a56a-fd81bd9a133d,2020-08-25,51491.0
1d9c0aad-ff4d-4711-b826-f2092f3430f4,b2711ac6-a551-44c7-a56a-fd81bd9a133d,2021-01-10,53691.76
e627f5d3-1d29-4bd2-beab-9771a3468615,b2711ac6-a551-44c7-a56a-fd81bd9a133d,2021-10-12,63392.42
5d653fed-a77b-4a62-a59b-a802df104fc5,b2711ac6-a551-44c7-a56a-fd81bd9a133d,2022-04-18,67002.16
2a9e3cca-7196-4638-919f-e5f3014bf502,b2711ac6-a551-44c7-a56a-fd81bd9a133d,2022-06-22,65906.41
32ec177d-6ca1-400a-8d7e-99dd6011b214,78199ecc-9149-43a0-90d7-914353a74566,2026-02-09,42711.32
ab83b398-28c1-423a-a3a2-fdda87ed1624,78199ecc-9149-43a0-90d7-914353a74566,2026-02-28,43641.44
e645ebf0-fcc9-49a2-b0ac-0f1f2b0db5c0,c990295a-1fc3-4b9d-9a7c-097e997ed790,2019-10-21,42077.82
cc435c63-33d7-4dae-862d-36284a27a430,c990295a-1fc3-4b9d-9a7c-097e997ed790,2020-01-04,42879.36
3fc10ee2-06fe-4156-8041-e6b9a1b39650,c990295a-1fc3-4b9d-9a7c-097e997ed790,2020-01-08,44831.93
12ffc4c3-0ae8-4f4e-8eb0-923f941fc225,992e666f-a7a9-4efa-9041-4bc827c513f7,2020-01-08,53491.52
c01860fa-ff85-40a8-8c56-b8cf014ab5bf,c990295a-1fc3-4b9d-9a7c-097e997ed790,2020-04-24,45183.42
4497f972-f41d-4513-ac4a-46df0d613af5,992e666f-a7a9-4efa-9041-4bc827c513f7,2020-04-24,58251.15
f9318a99-c15d-4a89-bb68-e3cd202f0898,c990295a-1fc3-4b9d-9a7c-097e997ed790,2020-10-04,50180.42
2dd82b7b-e024-49c7-9618-3043cfee2210,992e666f-a7a9-4efa-9041-4bc827c513f7,2020-10-04,59923.64
124b32ef-e35f-439e-b9a5-0fae8d594a47,c990295a-1fc3-4b9d-9a7c-097e997ed790,2021-07-28,58358.55
533d81d5-0781-4dca-a5f9-815afaef53c4,992e666f-a7a9-4efa-9041-4bc827c513f7,2021-07-28,58926.31
daa0717e-51f5-4118-aade-e3332cd6ff6d,c990295a-1fc3-4b9d-9a7c-097e997ed790,2021-09-22,58716.73
fc5b288e-99e2-47f0-8916-686991881641,992e666f-a7a9-4efa-9041-4bc827c513f7,2021-09-22,62895.89
ac3028eb-9964-405e-aa4d-f0dc42ee8334,c990295a-1fc3-4b9d-9a7c-097e997ed790,2021-11-12,63970.36
5dea5c47-c879-4ac1-b477-7d5a292c63a1,992e666f-a7a9-4efa-9041-4bc827c513f7,2021-11-12,63655.03
0fc4a8a4-6ff7-435d-ad77-9e1b39eabf4b,c990295a-1fc3-4b9d-9a7c-097e997ed790,2022-07-12,74212.13
0ac26032-05a1-417e-8c2b-a2511e4d109a,992e666f-a7a9-4efa-9041-4bc827c513f7,2022-07-12,61566.84
9dc82e2b-203f-487d-96f9-adf7c79454bd,c990295a-1fc3-4b9d-9a7c-097e997ed790,2023-01-28,80461.64
8b47080b-ba6e-4ed8-87e0-86f9dcd84734,992e666f-a7a9-4efa-9041-4bc827c513f7,2023-01-28,63991.36
421d98a9-733f-4c93-842a-f79ed0eb290c,992e666f-a7a9-4efa-9041-4bc827c513f7,2023-03-21,66441.36
db635dc5-86eb-419d-bdfb-28de6ebc7849,992e666f-a7a9-4efa-9041-4bc827c513f7,2023-04-24,69165.05
739f245f-940b-4579-a1e7-9c483645d4c5,992e666f-a7a9-4efa-9041-4bc827c513f7,2023-10-13,69898.32
66eb4a4e-c068-49f9-a760-1acadf94c302,992e666f-a7a9-4efa-9041-4bc827c513f7,2024-06-04,71644.76
da8d2612-2bb6-4def-9ef9-dc698f210dfe,992e666f-a7a9-4efa-9041-4bc827c513f7,2024-08-30,74297.16
e6b9a106-e3a3-4231-b08f-d666d6a301a3,0e410cd4-f221-43b2-a8da-60aafe886791,2024-08-30,71454.0
aa7598c2-b310-43cf-99a8-e97995cbf3b4,992e666f-a7a9-4efa-9041-4bc827c513f7,2024-10-11,75047.48
d77332d3-ac85-423d-86f3-b3e9a71e3990,0e410cd4-f221-43b2-a8da-60aafe886791,2024-10-11,78690.93
fedde027-bb35-4905-8170-f6ca70b16430,992e666f-a7a9-4efa-9041-4bc827c513f7,2025-04-02,80299.58
3f2da75c-e9cd-4c0c-93d8-b0cdc90da5da,0e410cd4-f221-43b2-a8da-60aafe886791,2025-04-02,81602.14
3843dd39-d4f0-4c57-995e-b678f0682197,992e666f-a7a9-4efa-9041-4bc827c513f7,2025-09-06,77114.51
7acd6c95-c930-4d81-9c02-0ca0fe4e44d3,0e410cd4-f221-43b2-a8da-60aafe886791,2025-09-06,91902.97
7a34922c-dc7c-4e9f-84a1-90585da1b198,0e410cd4-f221-43b2-a8da-60aafe886791,2025-11-02,92742.05
5b73347c-3dba-493c-b356-e205ae1ecc0a,11b80278-1e50-4aeb-8ca6-b843bdc4a421,2017-03-22,3745.07
bea87bf9-45d2-4137-b881-4128bc936b17,11b80278-1e50-4aeb-8ca6-b843bdc4a421,2017-03-28,3730.76
caba865a-a2e3-4214-b4ca-cc4938e16043,25f8efb9-6061-4ca2-b4a7-77d1e059565f,2017-03-28,4252.19
ac998de4-7180-4078-bac0-ffc912149562,11b80278-1e50-4aeb-8ca6-b843bdc4a421,2017-04-08,3833.26
ad58aad8-d2b0-4647-9868-f5a3eee8b509,25f8efb9-6061-4ca2-b4a7-77d1e059565f,2017-04-08,4362.82
e6bf889a-f873-45bc-89bf-ba509eb8a2e3,5b1da42e-67af-4ae9-acaa-127237e16304,2017-06-05,3243.84
0911830c-2f36-4024-8a76-394271ae3bcd,11b80278-1e50-4aeb-8ca6-b843bdc4a421,2017-06-05,3795.83
8fab03ff-47e4-40e5-b966-a70ba0f8d759,25f8efb9-6061-4ca2-b4a7-77d1e059565f,2017-06-05,4641.04
04d1e581-a4b2-4aa7-91d7-1d6d915c2645,5b1da42e-67af-4ae9-acaa-127237e16304,2017-09-24,3521.18
3e3c647f-9c87-46d6-8743-541016464c50,11b80278-1e50-4aeb-8ca6-b843bdc4a421,2017-09-24,4116.01
564bb5d6-e8df-4bf2-b149-4904966fc064,25f8efb9-6061-4ca2-b4a7-77d1e059565f,2017-09-24,4574.49
08a7844c-41f4-4996-95ce-820cf6a550d3,5b1da42e-67af-4ae9-acaa-127237e16304,2018-01-11,3364.63
86643891-ccf1-477d-b045-a9c7b1948ed0,11b80278-1e50-4aeb-8ca6-b843bdc4a421,2018-01-11,4256.2
e24edefd-2c0f-4730-9de2-8814383ec138,5b1da42e-67af-4ae9-acaa-127237e16304,2018-11-20,3578.34
457aed96-9bbe-41c5-abff-065d5b2f9f7b,11b80278-1e50-4aeb-8ca6-b843bdc4a421,2018-11-20,5116.27
e3eebb1a-cc57-4880-9764-ead515b70ac5,5b1da42e-67af-4ae9-acaa-127237e16304,2019-05-21,3812.86
c1455f76-45c7-4738-9755-4aa944a2c589,11b80278-1e50-4aeb-8ca6-b843bdc4a421,2019-05-21,5632.96
bb2145c9-8d85-4a65-9623-32be28fd03b3,99fe4605-d872-4d29-b1c6-968e52c0de1d,2019-05-21,2042.21
8a965aea-1d89-4f2e-bc1d-05e50fa6d3b1,5b1da42e-67af-4ae9-acaa-127237e16304,2019-10-24,4188.55
19573427-de4f-49d4-992e-87e3f0595044,11b80278-1e50-4aeb-8ca6-b843bdc4a421,2019-10-24,6526.2
bec06860-1f34-4757-afcc-e97483474cd6,99fe4605-d872-4d29-b1c6-968e52c0de1d,2019-10-24,2314.0
9127e9e8-6518-453d-b49f-71bc2068e8f9,5b1da42e-67af-4ae9-acaa-127237e16304,2020-09-03,4495.53
574b3a7a-fc51-4ae3-bdde-0d685a972819,11b80278-1e50-4aeb-8ca6-b843bdc4a421,2020-09-03,7861.99
b810b4ab-ee23-48b1-8247-a550326e1094,99fe4605-d872-4d29-b1c6-968e52c0de1d,2020-09-03,2693.38
4f7220a3-1bbb-43bc-b6d5-7401572375f1,5b1da42e-67af-4ae9-acaa-127237e16304,2021-01-17,4590.67
36b37eec-6021-4053-8261-049e438133af,11b80278-1e50-4aeb-8ca6-b843bdc4a421,2021-01-17,8228.24
a92e361e-9cee-481d-80ea-b2ce0834cfe1,99fe4605-d872-4d29-b1c6-968e52c0de1d,2021-01-17,2853.78
33e3cb4f-3bb1-41cc-bbb9-3286a6de073c,5b1da42e-67af-4ae9-acaa-127237e16304,2021-07-14,4679.34
7ddf6656-7f49-4353-9d4d-1a78efa93c1b,11b80278-1e50-4aeb-8ca6-b843bdc4a421,2021-07-14,8571.83
15cbee2b-16bb-4044-bd18-d619ec4d6891,5b1da42e-67af-4ae9-acaa-127237e16304,2022-06-23,5208.63
0e11e42a-63cc-4751-8bf4-3fe4ff20afaa,11b80278-1e50-4aeb-8ca6-b843bdc4a421,2022-06-23,10244.03
fc1b8e75-081a-408f-a003-80405ade6e88,5b1da42e-67af-4ae9-acaa-127237e16304,2022-09-25,5395.02
1192d25c-2f37-4c3d-beaf-f2b0e9aa2771,11b80278-1e50-4aeb-8ca6-b843bdc4a421,2022-09-25,10575.23
60ecd02e-a58f-49fa-b11e-b691ec7e58c2,5b1da42e-67af-4ae9-acaa-127237e16304,2022-09-30,5061.49
c3a613db-834d-4f1c-8c1c-858fc39d98f5,11b80278-1e50-4aeb-8ca6-b843bdc4a421,2022-09-30,10939.25
101c049d-4d7f-4e86-8f39-7abf6ae09ddf,5b1da42e-67af-4ae9-acaa-127237e16304,2023-06-30,5605.9
8ed6a6c6-254f-44aa-95ca-19fc3a50f8b6,5b1da42e-67af-4ae9-acaa-127237e16304,2023-11-16,5665.12
1349ded1-30f7-4dd6-8953-386de26d1e75,5b1da42e-67af-4ae9-acaa-127237e16304,2023-12-24,5638.4
8b3c97cc-d317-4529-a42a-6c29afeedc5e,5b1da42e-67af-4ae9-acaa-127237e16304,2024-04-21,5661.09
36dce42b-fdc5-4152-814f-32859f398827,5b1da42e-67af-4ae9-acaa-127237e16304,2024-06-14,6293.65
f0197c36-6658-433c-8fdc-52156ab74233,302c7dfa-6d16-4f87-a4ec-d79397fa5fc0,2016-07-20,37702.29
8a780254-51d6-431a-b31d-917d2d2df15f,23ba0592-a344-42ff-b477-ec0b108af706,2016-12-13,22525.78
b6043179-686c-49e3-96fb-5edbc7d2d3b8,302c7dfa-6d16-4f87-a4ec-d79397fa5fc0,2016-12-13,42073.86
652f6362-6623-401a-93c8-ab2721d4350e,23ba0592-a344-42ff-b477-ec0b108af706,2017-02-18,24559.08
52dc6cee-0617-403d-b155-2f1c90cd3fc0,302c7dfa-6d16-4f87-a4ec-d79397fa5fc0,2017-02-18,42809.96
75180cb5-511d-4672-bba5-89374f85fe95,23ba0592-a344-42ff-b477-ec0b108af706,2017-08-14,29023.95
49fc2b19-a9ff-4736-ba0a-2e8be73e1519,302c7dfa-6d16-4f87-a4ec-d79397fa5fc0,2017-08-14,49657.23
f29bbbda-1273-46ac-8ab3-c5da4ddfe262,23ba0592-a344-42ff-b477-ec0b108af706,2017-08-19,28256.92
d06c96b1-8c57-4d12-99f5-988d07ed6ec7,302c7dfa-6d16-4f87-a4ec-d79397fa5fc0,2017-08-19,48151.27
ad3d7a0e-e29d-437f-9cba-52477d70b7ed,302c7dfa-6d16-4f87-a4ec-d79397fa5fc0,2018-01-24,56796.22
146173a2-258f-4fe8-af65-3903a1caf98f,302c7dfa-6d16-4f87-a4ec-d79397fa5fc0,2018-05-24,57707.9
77d58a03-c3df-4c14-a476-bab90b60a601,302c7dfa-6d16-4f87-a4ec-d79397fa5fc0,2018-12-01,66855.46
0cde4463-6925-4658-bf25-b78c0ce56f82,302c7dfa-6d16-4f87-a4ec-d79397fa5fc0,2019-01-15,67301.1
5bd924a2-8bcf-4e3d-bffc-28d4d0ec408d,302c7dfa-6d16-4f87-a4ec-d79397fa5fc0,2019-05-29,77602.39
fa4ab0d1-6c2b-4a45-8881-253e7b0679ad,302c7dfa-6d16-4f87-a4ec-d79397fa5fc0,2020-04-05,87790.65
b63dfa81-78b1-4004-8c19-0348c7a91a81,302c7dfa-6d16-4f87-a4ec-d79397fa5fc0,2020-07-02,90221.84
c7593ad7-101f-411e-8820-11c2346e7d21,302c7dfa-6d16-4f87-a4ec-d79397fa5fc0,2021-01-19,99913.58
c4bb84fc-a9e8-43d1-afdd-b1494fdf52c1,302c7dfa-6d16-4f87-a4ec-d79397fa5fc0,2021-09-02,109336.13
ed4b6c10-0316-41dc-b2f6-24dda293745d,302c7dfa-6d16-4f87-a4ec-d79397fa5fc0,2022-04-08,120940.52
603c6cdb-9295-4452-aeff-735d6acedc1d,302c7dfa-6d16-4f87-a4ec-d79397fa5fc0,2022-12-02,139798.52
0daa58d0-2667-4f12-af2a-a8ed601ccefa,f8d8efe2-1ff5-4b67-a3ee-2f48a514cdaa,2025-12-10,42480.84
